2021-10-01 00:05,43,16.8
2021-10-01 00:20,23,5.6
2021-10-01 00:35,23,8.9
2021-10-01 00:50,5,6.3
2021-10-01 01:05,25,4.2
2021-10-01 01:20,352,13.6
2021-10-01 01:35,344,6.9
2021-10-01 01:50,344,6.0
2021-10-01 02:05,39,4.0
2021-10-01 02:20,5,5.8
2021-10-01 02:35,356,6.3
2021-10-01 02:50,353,6.9
2021-10-01 03:05,326,8.9
2021-10-01 03:20,359,10.3
2021-10-01 03:35,357,8.5
2021-10-01 03:50,53,7.2
2021-10-01 04:05,26,5.1
2021-10-01 04:20,344,6.3
2021-10-01 04:35,348,5.8
2021-10-01 04:50,348,9.8
2021-10-01 05:05,354,9.2
2021-10-01 05:20,2,7.6
2021-10-01 05:35,336,10.7
2021-10-01 05:50,319,6.0
2021-10-01 06:05,328,8.9
2021-10-01 06:20,350,8.1
2021-10-01 06:35,358,4.0
2021-10-01 06:50,338,4.5
2021-10-01 07:05,329,8.1
2021-10-01 07:20,340,5.1
2021-10-01 07:35,302,2.0
2021-10-01 07:50,133,3.8
2021-10-01 08:05,146,5.4
2021-10-01 08:20,112,3.8
2021-10-01 08:35,91,3.4
2021-10-01 08:50,115,2.5
2021-10-01 09:05,201,5.4
2021-10-01 09:20,185,3.8
2021-10-01 09:35,180,3.4
2021-10-01 09:50,170,4.7
2021-10-01 10:05,182,6.0
2021-10-01 10:20,159,5.1
2021-10-01 10:35,159,3.8
2021-10-01 10:50,190,3.8
2021-10-01 11:05,205,6.9
2021-10-01 11:20,180,3.4
2021-10-01 11:35,204,3.8
2021-10-01 11:50,191,3.4
2021-10-01 12:05,122,1.3
2021-10-01 12:20,154,5.4
2021-10-01 12:35,179,4.7
2021-10-01 12:50,148,4.0
2021-10-01 13:05,132,6.9
2021-10-01 13:20,107,5.8
2021-10-01 13:35,114,3.4
2021-10-01 13:50,142,5.4
2021-10-01 14:05,142,6.9
2021-10-01 14:20,164,8.1
2021-10-01 14:35,152,10.5
2021-10-01 14:50,157,5.4
2021-10-01 15:05,194,6.5
2021-10-01 15:20,125,5.8
2021-10-01 15:35,146,6.0
2021-10-01 15:50,226,3.4
2021-10-01 16:05,176,6.9
2021-10-01 16:20,134,7.6
2021-10-01 16:35,194,5.1
2021-10-01 16:50,150,7.6
2021-10-01 17:05,144,10.1
2021-10-01 17:20,158,7.8
2021-10-01 17:35,174,4.2
2021-10-01 17:50,150,5.4
2021-10-01 18:05,139,5.1
2021-10-01 18:20,151,3.6
2021-10-01 18:35,142,4.0
2021-10-01 18:50,125,4.5
2021-10-01 19:05,141,1.3
2021-10-01 19:20,142,2.9
2021-10-01 19:35,142,1.3
2021-10-01 19:50,0,0.0
2021-10-01 20:05,142,1.1
2021-10-01 20:20,143,1.3
2021-10-01 20:35,210,3.4
2021-10-01 20:50,71,4.7
2021-10-01 21:05,33,6.0
2021-10-01 21:20,51,4.5
2021-10-01 21:35,329,10.7
2021-10-01 21:50,309,8.9
2021-10-01 22:05,330,6.0
2021-10-01 22:20,320,10.7
2021-10-01 22:35,336,9.8
2021-10-01 22:50,337,6.9
2021-10-01 23:05,324,6.7
2021-10-01 23:20,317,7.4
2021-10-01 23:35,334,6.9
2021-10-01 23:50,334,4.9
2021-10-02 00:05,316,5.8
2021-10-02 00:20,309,5.1
2021-10-02 00:35,319,4.7
2021-10-02 00:50,341,2.5
2021-10-02 01:05,290,4.0
2021-10-02 01:20,325,6.5
2021-10-02 01:35,332,5.8
2021-10-02 01:50,306,4.2
2021-10-02 02:05,305,4.2
2021-10-02 02:20,324,2.5
2021-10-02 02:35,330,4.0
2021-10-02 02:50,318,5.4
2021-10-02 03:05,305,4.7
2021-10-02 03:20,313,3.4
2021-10-02 03:35,320,3.4
2021-10-02 03:50,307,4.0
2021-10-02 04:05,293,6.5
2021-10-02 04:20,286,5.8
2021-10-02 04:35,286,4.0
2021-10-02 04:50,290,6.0
2021-10-02 05:05,273,5.8
2021-10-02 05:20,274,4.5
2021-10-02 05:35,254,4.5
2021-10-02 05:50,263,4.7
2021-10-02 06:05,259,2.5
2021-10-02 06:20,229,2.2
2021-10-02 06:35,228,3.1
2021-10-02 06:50,257,2.5
2021-10-02 07:05,0,0.0
2021-10-02 07:20,307,3.1
2021-10-02 07:35,318,3.6
2021-10-02 07:50,303,2.9
2021-10-02 08:05,298,2.9
2021-10-02 08:20,353,1.3
2021-10-02 08:35,0,0.0
2021-10-02 08:50,35,2.2
2021-10-02 09:05,83,2.9
2021-10-02 09:20,92,1.1
2021-10-02 09:35,92,2.7
2021-10-02 09:50,92,3.6
2021-10-02 10:05,92,2.5
2021-10-02 10:20,119,4.0
2021-10-02 10:35,119,2.7
2021-10-02 10:50,124,4.5
2021-10-02 11:05,166,3.8
2021-10-02 11:20,126,5.4
2021-10-02 11:35,85,6.0
2021-10-02 11:50,106,9.8
2021-10-02 12:05,34,2.9
2021-10-02 12:20,298,2.9
2021-10-02 12:35,55,5.6
2021-10-02 12:50,129,4.5
2021-10-02 13:05,222,2.2
2021-10-02 13:20,111,7.6
2021-10-02 13:35,124,6.3
2021-10-02 13:50,96,6.5
2021-10-02 14:05,152,7.8
2021-10-02 14:20,143,7.2
2021-10-02 14:35,184,4.9
2021-10-02 14:50,115,6.7
2021-10-02 15:05,78,5.4
2021-10-02 15:20,97,3.6
2021-10-02 15:35,136,2.5
2021-10-02 15:50,274,6.0
2021-10-02 16:05,256,7.4
2021-10-02 16:20,252,9.2
2021-10-02 16:35,268,7.4
2021-10-02 16:50,241,3.1
2021-10-02 17:05,263,1.3
2021-10-02 17:20,252,2.5
2021-10-02 17:35,253,1.1
2021-10-02 17:50,0,0.0
2021-10-02 18:05,310,3.8
2021-10-02 18:20,332,2.7
2021-10-02 18:35,328,2.0
2021-10-02 18:50,327,2.0
2021-10-02 19:05,336,1.1
2021-10-02 19:20,0,0.0
2021-10-02 19:35,286,4.5
2021-10-02 19:50,260,2.2
2021-10-02 20:05,276,2.9
2021-10-02 20:20,278,4.0
2021-10-02 20:35,251,1.3
2021-10-02 20:50,303,3.4
2021-10-02 21:05,336,4.5
2021-10-02 21:20,293,3.8
2021-10-02 21:35,324,4.2
2021-10-02 21:50,342,2.9
2021-10-02 22:05,315,5.4
2021-10-02 22:20,286,5.1
2021-10-02 22:35,319,4.2
2021-10-02 22:50,323,4.0
2021-10-02 23:05,318,3.4
2021-10-02 23:20,287,3.4
2021-10-02 23:35,295,1.8
2021-10-02 23:50,271,4.9
2021-10-03 00:05,273,3.6
2021-10-03 00:20,285,5.1
2021-10-03 00:35,308,3.4
2021-10-03 00:50,285,4.0
2021-10-03 01:05,295,4.9
2021-10-03 01:20,283,3.4
2021-10-03 01:35,282,2.2
2021-10-03 01:50,0,0.0
2021-10-03 02:05,282,0.9
2021-10-03 02:20,271,2.2
2021-10-03 02:35,0,0.0
2021-10-03 02:50,293,5.8
2021-10-03 03:05,257,3.4
2021-10-03 03:20,265,2.7
2021-10-03 03:35,271,0.2
2021-10-03 03:50,271,3.4
2021-10-03 04:05,287,3.4
2021-10-03 04:20,311,3.4
2021-10-03 04:35,279,6.0
2021-10-03 04:50,282,8.1
2021-10-03 05:05,294,5.8
2021-10-03 05:20,324,5.6
2021-10-03 05:35,322,5.8
2021-10-03 05:50,297,7.4
2021-10-03 06:05,280,3.6
2021-10-03 06:20,286,4.0
2021-10-03 06:35,318,3.8
2021-10-03 06:50,317,4.0
2021-10-03 07:05,324,3.8
2021-10-03 07:20,306,4.5
2021-10-03 07:35,303,2.7
2021-10-03 07:50,293,1.3
2021-10-03 08:05,300,3.1
2021-10-03 08:20,322,3.4
2021-10-03 08:35,322,2.2
2021-10-03 08:50,322,1.3
2021-10-03 09:05,327,3.4
2021-10-03 09:20,80,0.4
2021-10-03 09:35,81,0.4
2021-10-03 09:50,80,1.8
2021-10-03 10:05,81,2.7
2021-10-03 10:20,0,0.0
2021-10-03 10:35,105,3.8
2021-10-03 10:50,76,4.0
2021-10-03 11:05,102,2.7
2021-10-03 11:20,194,5.4
2021-10-03 11:35,124,2.5
2021-10-03 11:50,121,4.9
2021-10-03 12:05,154,4.0
2021-10-03 12:20,158,5.6
2021-10-03 12:35,210,5.4
2021-10-03 12:50,210,6.0
2021-10-03 13:05,0,0.0
2021-10-03 13:20,82,8.7
2021-10-03 13:35,152,0.9
2021-10-03 13:50,179,3.1
2021-10-03 14:05,79,9.6
2021-10-03 14:20,165,10.1
2021-10-03 14:35,151,10.5
2021-10-03 14:50,114,4.0
2021-10-03 15:05,197,6.5
2021-10-03 15:20,173,5.4
2021-10-03 15:35,111,0.4
2021-10-03 15:50,96,6.0
2021-10-03 16:05,124,4.0
2021-10-03 16:20,137,6.7
2021-10-03 16:35,77,1.3
2021-10-03 16:50,155,4.5
2021-10-03 17:05,157,4.0
2021-10-03 17:20,135,4.0
2021-10-03 17:35,102,2.5
2021-10-03 17:50,150,4.5
2021-10-03 18:05,157,2.9
2021-10-03 18:20,183,5.4
2021-10-03 18:35,168,2.5
2021-10-03 18:50,186,2.2
2021-10-03 19:05,190,2.7
2021-10-03 19:20,191,2.2
2021-10-03 19:35,254,3.6
2021-10-03 19:50,257,4.0
2021-10-03 20:05,256,3.4
2021-10-03 20:20,257,3.4
2021-10-03 20:35,282,4.9
2021-10-03 20:50,285,7.4
2021-10-03 21:05,281,6.5
2021-10-03 21:20,276,6.3
2021-10-03 21:35,283,4.2
2021-10-03 21:50,303,5.1
2021-10-03 22:05,308,5.6
2021-10-03 22:20,315,5.6
2021-10-03 22:35,303,7.6
2021-10-03 22:50,291,10.1
2021-10-03 23:05,282,8.9
2021-10-03 23:20,281,10.7
2021-10-03 23:35,295,5.8
2021-10-03 23:50,295,6.9
2021-10-04 00:05,320,6.5
2021-10-04 00:20,299,4.0
2021-10-04 00:35,280,6.5
2021-10-04 00:50,289,6.9
2021-10-04 01:05,310,7.4
2021-10-04 01:20,298,7.4
2021-10-04 01:35,290,6.7
2021-10-04 01:50,289,7.4
2021-10-04 02:05,291,5.8
2021-10-04 02:20,296,6.3
2021-10-04 02:35,299,5.4
2021-10-04 02:50,281,6.3
2021-10-04 03:05,310,6.0
2021-10-04 03:20,326,4.9
2021-10-04 03:35,297,5.6
2021-10-04 03:50,287,7.6
2021-10-04 04:05,294,6.5
2021-10-04 04:20,309,6.5
2021-10-04 04:35,342,4.5
2021-10-04 04:50,321,5.4
2021-10-04 05:05,329,2.9
2021-10-04 05:20,324,4.5
2021-10-04 05:35,286,6.0
2021-10-04 05:50,306,4.7
2021-10-04 06:05,335,4.9
2021-10-04 06:20,339,3.8
2021-10-04 06:35,328,3.8
2021-10-04 06:50,292,6.7
2021-10-04 07:05,289,6.9
2021-10-04 07:20,331,4.7
2021-10-04 07:35,328,5.4
2021-10-04 07:50,297,7.4
2021-10-04 08:05,294,7.6
2021-10-04 08:20,316,5.8
2021-10-04 08:35,347,4.5
2021-10-04 08:50,12,4.0
2021-10-04 09:05,8,1.3
2021-10-04 09:20,11,3.4
2021-10-04 09:35,199,2.9
2021-10-04 09:50,177,4.2
2021-10-04 10:05,154,5.4
2021-10-04 10:20,175,5.4
2021-10-04 10:35,165,5.8
2021-10-04 10:50,157,7.2
2021-10-04 11:05,133,4.7
2021-10-04 11:20,154,7.2
2021-10-04 11:35,142,1.8
2021-10-04 11:50,110,6.5
2021-10-04 12:05,183,6.7
2021-10-04 12:20,151,7.4
2021-10-04 12:35,183,6.9
2021-10-04 12:50,148,4.0
2021-10-04 13:05,199,7.8
2021-10-04 13:20,124,6.7
2021-10-04 13:35,220,2.9
2021-10-04 13:50,224,8.5
2021-10-04 14:05,112,6.0
2021-10-04 14:20,226,1.3
2021-10-04 14:35,202,3.4
2021-10-04 14:50,173,5.6
2021-10-04 15:05,171,6.5
2021-10-04 15:20,208,7.2
2021-10-04 15:35,211,5.1
2021-10-04 15:50,178,5.6
2021-10-04 16:05,160,1.6
2021-10-04 16:20,159,4.2
2021-10-04 16:35,156,2.2
2021-10-04 16:50,210,4.5
2021-10-04 17:05,195,10.1
2021-10-04 17:20,157,6.9
2021-10-04 17:35,169,8.5
2021-10-04 17:50,207,6.3
2021-10-04 18:05,145,4.0
2021-10-04 18:20,186,2.9
2021-10-04 18:35,196,1.1
2021-10-04 18:50,197,2.5
2021-10-04 19:05,262,4.0
2021-10-04 19:20,276,5.4
2021-10-04 19:35,316,5.8
2021-10-04 19:50,278,6.9
2021-10-04 20:05,280,5.4
2021-10-04 20:20,283,6.5
2021-10-04 20:35,288,5.8
2021-10-04 20:50,287,7.6
2021-10-04 21:05,287,10.7
2021-10-04 21:20,276,9.2
2021-10-04 21:35,283,10.5
2021-10-04 21:50,278,8.5
2021-10-04 22:05,294,7.6
2021-10-04 22:20,339,5.4
2021-10-04 22:35,314,7.2
2021-10-04 22:50,323,5.4
2021-10-04 23:05,309,7.4
2021-10-04 23:20,297,10.3
2021-10-04 23:35,299,8.9
2021-10-04 23:50,292,9.6
2021-10-05 00:05,308,6.5
2021-10-05 00:20,284,7.4
2021-10-05 00:35,299,6.7
2021-10-05 00:50,296,6.5
2021-10-05 01:05,297,3.8
2021-10-05 01:20,294,5.6
2021-10-05 01:35,331,5.4
2021-10-05 01:50,338,7.6
2021-10-05 02:05,325,3.1
2021-10-05 02:20,316,5.4
2021-10-05 02:35,286,7.2
2021-10-05 02:50,298,5.8
2021-10-05 03:05,293,5.8
2021-10-05 03:20,299,6.3
2021-10-05 03:35,308,6.0
2021-10-05 03:50,305,5.8
2021-10-05 04:05,292,8.1
2021-10-05 04:20,284,5.1
2021-10-05 04:35,333,4.5
2021-10-05 04:50,295,6.5
2021-10-05 05:05,320,5.8
2021-10-05 05:20,310,6.0
2021-10-05 05:35,323,4.9
2021-10-05 05:50,302,7.6
2021-10-05 06:05,309,6.9
2021-10-05 06:20,303,5.8
2021-10-05 06:35,303,4.0
2021-10-05 06:50,331,4.9
2021-10-05 07:05,330,7.8
2021-10-05 07:20,295,7.4
2021-10-05 07:35,310,6.7
2021-10-05 07:50,332,6.0
2021-10-05 08:05,327,4.9
2021-10-05 08:20,301,4.5
2021-10-05 08:35,293,7.6
2021-10-05 08:50,320,4.9
2021-10-05 09:05,297,1.8
2021-10-05 09:20,327,3.8
2021-10-05 09:35,0,0.0
2021-10-05 09:50,215,4.0
2021-10-05 10:05,151,3.6
2021-10-05 10:20,183,3.6
2021-10-05 10:35,161,1.8
2021-10-05 10:50,231,5.8
2021-10-05 11:05,205,4.9
2021-10-05 11:20,133,8.9
2021-10-05 11:35,186,8.7
2021-10-05 11:50,146,4.0
2021-10-05 12:05,163,6.9
2021-10-05 12:20,196,1.1
2021-10-05 12:35,132,6.7
2021-10-05 12:50,155,5.4
2021-10-05 13:05,163,9.8
2021-10-05 13:20,201,7.4
2021-10-05 13:35,160,4.7
2021-10-05 13:50,205,7.4
2021-10-05 14:05,186,6.5
2021-10-05 14:20,134,9.6
2021-10-05 14:35,181,8.9
2021-10-05 14:50,219,11.2
2021-10-05 15:05,155,12.1
2021-10-05 15:20,153,13.0
2021-10-05 15:35,193,15.2
2021-10-05 15:50,182,7.4
2021-10-05 16:05,203,8.3
2021-10-05 16:20,155,6.3
2021-10-05 16:35,140,7.6
2021-10-05 16:50,164,8.1
2021-10-05 17:05,192,2.9
2021-10-05 17:20,220,9.2
2021-10-05 17:35,168,8.9
2021-10-05 17:50,171,8.7
2021-10-05 18:05,171,4.9
2021-10-05 18:20,164,1.1
2021-10-05 18:35,164,1.1
2021-10-05 18:50,74,4.2
2021-10-05 19:05,65,6.3
2021-10-05 19:20,46,10.5
2021-10-05 19:35,56,12.8
2021-10-05 19:50,34,11.2
2021-10-05 20:05,61,9.2
2021-10-05 20:20,56,14.3
2021-10-05 20:35,19,11.9
2021-10-05 20:50,309,3.4
2021-10-05 21:05,330,4.0
2021-10-05 21:20,330,3.8
2021-10-05 21:35,340,3.8
2021-10-05 21:50,303,6.3
2021-10-05 22:05,301,3.4
2021-10-05 22:20,319,9.2
2021-10-05 22:35,288,4.2
2021-10-05 22:50,305,5.4
2021-10-05 23:05,315,5.4
2021-10-05 23:20,287,4.0
2021-10-05 23:35,334,4.9
2021-10-05 23:50,322,4.0
2021-10-06 00:05,299,3.6
2021-10-06 00:20,0,0.0
2021-10-06 00:35,315,0.7
2021-10-06 00:50,307,1.1
2021-10-06 01:05,0,0.0
2021-10-06 01:20,302,2.5
2021-10-06 01:35,305,3.8
2021-10-06 01:50,310,4.0
2021-10-06 02:05,301,6.9
2021-10-06 02:20,299,6.7
2021-10-06 02:35,306,6.3
2021-10-06 02:50,288,6.5
2021-10-06 03:05,282,6.3
2021-10-06 03:20,284,5.8
2021-10-06 03:35,290,8.1
2021-10-06 03:50,315,4.5
2021-10-06 04:05,284,5.8
2021-10-06 04:20,290,5.8
2021-10-06 04:35,286,5.4
2021-10-06 04:50,271,5.8
2021-10-06 05:05,287,5.8
2021-10-06 05:20,305,5.8
2021-10-06 05:35,291,5.4
2021-10-06 05:50,275,4.5
2021-10-06 06:05,293,1.8
2021-10-06 06:20,345,1.3
2021-10-06 06:35,332,4.5
2021-10-06 06:50,292,2.9
2021-10-06 07:05,299,0.9
2021-10-06 07:20,325,3.6
2021-10-06 07:35,328,3.8
2021-10-06 07:50,328,0.2
2021-10-06 08:05,328,0.9
2021-10-06 08:20,328,2.2
2021-10-06 08:35,324,1.3
2021-10-06 08:50,325,1.8
2021-10-06 09:05,29,4.2
2021-10-06 09:20,62,3.4
2021-10-06 09:35,107,4.5
2021-10-06 09:50,146,2.5
2021-10-06 10:05,188,4.0
2021-10-06 10:20,170,6.0
2021-10-06 10:35,166,9.6
2021-10-06 10:50,154,9.2
2021-10-06 11:05,191,8.1
2021-10-06 11:20,185,6.9
2021-10-06 11:35,174,9.6
2021-10-06 11:50,177,11.0
2021-10-06 12:05,135,9.2
2021-10-06 12:20,155,5.4
2021-10-06 12:35,206,9.4
2021-10-06 12:50,152,10.5
2021-10-06 13:05,115,9.8
2021-10-06 13:20,144,4.9
2021-10-06 13:35,143,8.5
2021-10-06 13:50,156,11.9
2021-10-06 14:05,143,12.1
2021-10-06 14:20,131,8.9
2021-10-06 14:35,131,14.1
2021-10-06 14:50,131,9.4
2021-10-06 15:05,85,7.4
2021-10-06 15:20,181,13.9
2021-10-06 15:35,171,11.6
2021-10-06 15:50,144,15.4
2021-10-06 16:05,147,12.5
2021-10-06 16:20,207,14.3
2021-10-06 16:35,169,9.2
2021-10-06 16:50,181,13.2
2021-10-06 17:05,220,20.4
2021-10-06 17:20,135,7.8
2021-10-06 17:35,164,8.3
2021-10-06 17:50,148,9.2
2021-10-06 18:05,165,9.6
2021-10-06 18:20,166,7.4
2021-10-06 18:35,157,5.8
2021-10-06 18:50,147,4.9
2021-10-06 19:05,169,5.1
2021-10-06 19:20,126,5.6
2021-10-06 19:35,150,2.9
2021-10-06 19:50,155,2.2
2021-10-06 20:05,107,4.5
2021-10-06 20:20,99,1.6
2021-10-06 20:35,99,0.4
2021-10-06 20:50,99,2.2
2021-10-06 21:05,160,2.5
2021-10-06 21:20,163,2.5
2021-10-06 21:35,262,3.4
2021-10-06 21:50,276,1.6
2021-10-06 22:05,279,3.4
2021-10-06 22:20,287,3.4
2021-10-06 22:35,296,2.9
2021-10-06 22:50,291,3.1
2021-10-06 23:05,0,0.0
2021-10-06 23:20,286,3.1
2021-10-06 23:35,296,2.5
2021-10-06 23:50,286,3.6
2021-10-07 00:05,272,4.0
2021-10-07 00:20,284,2.2
2021-10-07 00:35,286,3.1
2021-10-07 00:50,268,2.7
2021-10-07 01:05,282,2.2
2021-10-07 01:20,290,2.7
2021-10-07 01:35,284,3.6
2021-10-07 01:50,296,1.6
2021-10-07 02:05,0,0.0
2021-10-07 02:20,309,2.7
2021-10-07 02:35,295,4.7
2021-10-07 02:50,297,3.8
2021-10-07 03:05,295,1.8
2021-10-07 03:20,305,4.2
2021-10-07 03:35,298,3.8
2021-10-07 03:50,283,4.0
2021-10-07 04:05,295,2.2
2021-10-07 04:20,310,4.5
2021-10-07 04:35,295,4.5
2021-10-07 04:50,290,5.8
2021-10-07 05:05,258,3.8
2021-10-07 05:20,336,3.6
2021-10-07 05:35,323,4.2
2021-10-07 05:50,306,4.9
2021-10-07 06:05,307,2.0
2021-10-07 06:20,296,5.4
2021-10-07 06:35,322,4.5
2021-10-07 06:50,312,3.4
2021-10-07 07:05,309,3.8
2021-10-07 07:20,284,3.4
2021-10-07 07:35,304,4.0
2021-10-07 07:50,281,5.8
2021-10-07 08:05,284,5.4
2021-10-07 08:20,280,5.4
2021-10-07 08:35,312,3.4
2021-10-07 08:50,323,2.2
2021-10-07 09:05,0,0.0
2021-10-07 09:20,230,1.1
2021-10-07 09:35,164,1.6
2021-10-07 09:50,111,2.5
2021-10-07 10:05,174,4.2
2021-10-07 10:20,144,4.2
2021-10-07 10:35,88,4.7
2021-10-07 10:50,225,3.8
2021-10-07 11:05,167,2.0
2021-10-07 11:20,130,5.4
2021-10-07 11:35,142,10.3
2021-10-07 11:50,111,8.3
2021-10-07 12:05,118,6.7
2021-10-07 12:20,140,7.8
2021-10-07 12:35,171,6.5
2021-10-07 12:50,118,7.8
2021-10-07 13:05,172,8.9
2021-10-07 13:20,141,7.6
2021-10-07 13:35,144,9.6
2021-10-07 13:50,175,5.6
2021-10-07 14:05,214,8.3
2021-10-07 14:20,162,8.3
2021-10-07 14:35,153,8.5
2021-10-07 14:50,179,11.9
2021-10-07 15:05,180,6.0
2021-10-07 15:20,151,11.9
2021-10-07 15:35,142,11.6
2021-10-07 15:50,157,11.6
2021-10-07 16:05,141,7.6
2021-10-07 16:20,160,9.6
2021-10-07 16:35,174,7.6
2021-10-07 16:50,177,9.2
2021-10-07 17:05,162,7.8
2021-10-07 17:20,148,7.6
2021-10-07 17:35,151,7.8
2021-10-07 17:50,159,5.4
2021-10-07 18:05,166,3.8
2021-10-07 18:20,174,1.1
2021-10-07 18:35,312,8.7
2021-10-07 18:50,301,14.8
2021-10-07 19:05,330,12.3
2021-10-07 19:20,327,11.2
2021-10-07 19:35,333,12.3
2021-10-07 19:50,335,12.3
2021-10-07 20:05,336,16.1
2021-10-07 20:20,330,13.4
2021-10-07 20:35,314,9.6
2021-10-07 20:50,301,5.8
2021-10-07 21:05,287,6.9
2021-10-07 21:20,285,5.4
2021-10-07 21:35,270,1.6
2021-10-07 21:50,15,0.9
2021-10-07 22:05,15,0.2
2021-10-07 22:20,15,1.1
2021-10-07 22:35,14,1.8
2021-10-07 22:50,14,2.2
2021-10-07 23:05,19,2.2
2021-10-07 23:20,17,2.2
2021-10-07 23:35,17,2.0
2021-10-07 23:50,243,2.2
2021-10-08 00:05,230,3.8
2021-10-08 00:20,195,4.9
2021-10-08 00:35,156,2.2
2021-10-08 00:50,148,1.1
2021-10-08 01:05,0,0.0
2021-10-08 01:20,0,0.0
2021-10-08 01:35,148,0.7
2021-10-08 01:50,250,2.7
2021-10-08 02:05,276,3.4
2021-10-08 02:20,302,3.8
2021-10-08 02:35,299,3.8
2021-10-08 02:50,301,3.4
2021-10-08 03:05,289,2.2
2021-10-08 03:20,290,3.8
2021-10-08 03:35,283,2.2
2021-10-08 03:50,284,4.0
2021-10-08 04:05,289,4.0
2021-10-08 04:20,275,2.7
2021-10-08 04:35,325,2.5
2021-10-08 04:50,326,3.1
2021-10-08 05:05,301,2.2
2021-10-08 05:20,352,3.1
2021-10-08 05:35,305,2.5
2021-10-08 05:50,300,5.8
2021-10-08 06:05,285,5.4
2021-10-08 06:20,277,4.0
2021-10-08 06:35,290,3.1
2021-10-08 06:50,275,6.9
2021-10-08 07:05,292,4.7
2021-10-08 07:20,290,5.8
2021-10-08 07:35,279,4.7
2021-10-08 07:50,328,2.2
2021-10-08 08:05,321,1.8
2021-10-08 08:20,314,4.0
2021-10-08 08:35,345,3.4
2021-10-08 08:50,344,2.9
2021-10-08 09:05,3,3.6
2021-10-08 09:20,23,2.2
2021-10-08 09:35,134,3.4
2021-10-08 09:50,159,5.8
2021-10-08 10:05,174,10.5
2021-10-08 10:20,159,10.1
2021-10-08 10:35,175,11.2
2021-10-08 10:50,167,6.9
2021-10-08 11:05,153,10.5
2021-10-08 11:20,202,8.9
2021-10-08 11:35,151,8.9
2021-10-08 11:50,144,11.9
2021-10-08 12:05,169,10.7
2021-10-08 12:20,163,10.7
2021-10-08 12:35,133,6.3
2021-10-08 12:50,171,6.0
2021-10-08 13:05,154,7.4
2021-10-08 13:20,214,10.3
2021-10-08 13:35,181,9.6
2021-10-08 13:50,142,5.8
2021-10-08 14:05,177,12.1
2021-10-08 14:20,195,9.6
2021-10-08 14:35,168,16.3
2021-10-08 14:50,201,13.9
2021-10-08 15:05,165,13.4
2021-10-08 15:20,169,15.0
2021-10-08 15:35,169,16.1
2021-10-08 15:50,187,21.5
2021-10-08 16:05,177,20.6
2021-10-08 16:20,196,20.4
2021-10-08 16:35,197,13.9
2021-10-08 16:50,187,17.9
2021-10-08 17:05,193,18.1
2021-10-08 17:20,183,10.5
2021-10-08 17:35,211,11.2
2021-10-08 17:50,191,13.9
2021-10-08 18:05,216,14.3
2021-10-08 18:20,211,18.1
2021-10-08 18:35,229,12.1
2021-10-08 18:50,193,14.3
2021-10-08 19:05,205,15.2
2021-10-08 19:20,217,10.1
2021-10-08 19:35,224,12.3
2021-10-08 19:50,196,12.8
2021-10-08 20:05,203,13.6
2021-10-08 20:20,176,11.2
2021-10-08 20:35,175,13.0
2021-10-08 20:50,196,4.0
2021-10-08 21:05,138,6.9
2021-10-08 21:20,134,8.5
2021-10-08 21:35,160,7.4
2021-10-08 21:50,169,7.6
2021-10-08 22:05,163,8.5
2021-10-08 22:20,173,7.6
2021-10-08 22:35,205,7.4
2021-10-08 22:50,210,5.4
2021-10-08 23:05,221,7.4
2021-10-08 23:20,218,9.2
2021-10-08 23:35,223,4.5
2021-10-08 23:50,201,9.2
2021-10-09 00:05,240,7.2
2021-10-09 00:20,231,8.9
2021-10-09 00:35,174,7.6
2021-10-09 00:50,170,13.6
2021-10-09 01:05,203,9.8
2021-10-09 01:20,185,11.2
2021-10-09 01:35,176,13.9
2021-10-09 01:50,207,10.5
2021-10-09 02:05,197,6.5
2021-10-09 02:20,189,7.6
2021-10-09 02:35,207,6.7
2021-10-09 02:50,148,7.4
2021-10-09 03:05,200,9.6
2021-10-09 03:20,216,3.8
2021-10-09 03:35,189,8.9
2021-10-09 03:50,185,8.3
2021-10-09 04:05,192,6.0
2021-10-09 04:20,176,7.6
2021-10-09 04:35,171,7.6
2021-10-09 04:50,192,6.0
2021-10-09 05:05,199,7.4
2021-10-09 05:20,197,4.9
2021-10-09 05:35,196,8.5
2021-10-09 05:50,188,6.3
2021-10-09 06:05,217,9.2
2021-10-09 06:20,186,14.8
2021-10-09 06:35,164,12.8
2021-10-09 06:50,188,8.9
2021-10-09 07:05,170,10.1
2021-10-09 07:20,181,7.2
2021-10-09 07:35,193,10.3
2021-10-09 07:50,173,7.4
2021-10-09 08:05,165,6.9
2021-10-09 08:20,179,6.5
2021-10-09 08:35,174,8.1
2021-10-09 08:50,167,6.7
2021-10-09 09:05,204,6.0
2021-10-09 09:20,250,3.4
2021-10-09 09:35,274,6.7
2021-10-09 09:50,272,10.1
2021-10-09 10:05,270,8.1
2021-10-09 10:20,211,2.9
2021-10-09 10:35,271,6.0
2021-10-09 10:50,213,0.9
2021-10-09 11:05,233,16.6
2021-10-09 11:20,189,13.4
2021-10-09 11:35,242,15.9
2021-10-09 11:50,178,13.9
2021-10-09 12:05,193,14.5
2021-10-09 12:20,229,9.6
2021-10-09 12:35,216,12.5
2021-10-09 12:50,215,17.2
2021-10-09 13:05,218,20.6
2021-10-09 13:20,213,15.2
2021-10-09 13:35,210,16.8
2021-10-09 13:50,232,15.7
2021-10-09 14:05,179,13.9
2021-10-09 14:20,183,19.5
2021-10-09 14:35,207,16.3
2021-10-09 14:50,251,18.1
2021-10-09 15:05,279,6.9
2021-10-09 15:20,231,8.3
2021-10-09 15:35,286,7.4
2021-10-09 15:50,274,10.1
2021-10-09 16:05,254,7.2
2021-10-09 16:20,227,8.7
2021-10-09 16:35,284,3.4
2021-10-09 16:50,260,8.3
2021-10-09 17:05,285,6.0
2021-10-09 17:20,297,8.5
2021-10-09 17:35,299,13.9
2021-10-09 17:50,309,10.5
2021-10-09 18:05,308,8.1
2021-10-09 18:20,339,5.1
2021-10-09 18:35,324,3.8
2021-10-09 18:50,308,4.5
2021-10-09 19:05,261,5.4
2021-10-09 19:20,356,6.3
2021-10-09 19:35,7,1.8
2021-10-09 19:50,254,3.4
2021-10-09 20:05,257,3.1
2021-10-09 20:20,256,2.2
2021-10-09 20:35,5,2.2
2021-10-09 20:50,295,1.1
2021-10-09 21:05,276,2.0
2021-10-09 21:20,276,2.2
2021-10-09 21:35,281,6.3
2021-10-09 21:50,274,5.1
2021-10-09 22:05,277,5.1
2021-10-09 22:20,266,4.5
2021-10-09 22:35,284,1.8
2021-10-09 22:50,288,5.8
2021-10-09 23:05,298,4.0
2021-10-09 23:20,284,5.6
2021-10-09 23:35,283,6.0
2021-10-09 23:50,279,5.4
2021-10-10 00:05,319,4.0
2021-10-10 00:20,313,5.8
2021-10-10 00:35,301,4.9
2021-10-10 00:50,305,6.0
2021-10-10 01:05,304,4.9
2021-10-10 01:20,310,6.9
2021-10-10 01:35,294,5.1
2021-10-10 01:50,286,5.8
2021-10-10 02:05,303,6.0
2021-10-10 02:20,309,7.8
2021-10-10 02:35,298,9.2
2021-10-10 02:50,305,9.2
2021-10-10 03:05,295,6.3
2021-10-10 03:20,289,4.0
2021-10-10 03:35,300,9.2
2021-10-10 03:50,303,3.4
2021-10-10 04:05,296,6.5
2021-10-10 04:20,280,7.4
2021-10-10 04:35,277,7.4
2021-10-10 04:50,300,5.8
2021-10-10 05:05,309,5.6
2021-10-10 05:20,287,7.4
2021-10-10 05:35,277,7.2
2021-10-10 05:50,318,3.4
2021-10-10 06:05,286,4.5
2021-10-10 06:20,280,4.7
2021-10-10 06:35,348,3.8
2021-10-10 06:50,345,5.8
2021-10-10 07:05,312,15.2
2021-10-10 07:20,345,7.6
2021-10-10 07:35,335,6.7
2021-10-10 07:50,309,14.3
2021-10-10 08:05,334,15.9
2021-10-10 08:20,324,16.3
2021-10-10 08:35,318,19.2
2021-10-10 08:50,351,16.1
2021-10-10 09:05,310,19.7
2021-10-10 09:20,325,15.0
2021-10-10 09:35,309,13.2
2021-10-10 09:50,308,10.1
2021-10-10 10:05,292,10.5
2021-10-10 10:20,326,11.6
2021-10-10 10:35,317,10.5
2021-10-10 10:50,327,11.6
2021-10-10 11:05,325,13.2
2021-10-10 11:20,326,14.8
2021-10-10 11:35,317,17.9
2021-10-10 11:50,330,16.8
2021-10-10 12:05,317,13.6
2021-10-10 12:20,311,14.5
2021-10-10 12:35,330,10.7
2021-10-10 12:50,303,11.6
2021-10-10 13:05,317,14.5
2021-10-10 13:20,304,17.4
2021-10-10 13:35,296,13.9
2021-10-10 13:50,311,10.5
2021-10-10 14:05,332,13.0
2021-10-10 14:20,328,11.9
2021-10-10 14:35,297,10.7
2021-10-10 14:50,326,10.5
2021-10-10 15:05,328,14.1
2021-10-10 15:20,301,11.0
2021-10-10 15:35,313,10.1
2021-10-10 15:50,311,10.1
2021-10-10 16:05,329,9.4
2021-10-10 16:20,298,6.0
2021-10-10 16:35,300,2.0
2021-10-10 16:50,313,5.8
2021-10-10 17:05,285,9.4
2021-10-10 17:20,282,13.9
2021-10-10 17:35,315,16.3
2021-10-10 17:50,279,13.9
2021-10-10 18:05,314,14.3
2021-10-10 18:20,296,16.3
2021-10-10 18:35,293,9.2
2021-10-10 18:50,299,11.4
2021-10-10 19:05,283,11.6
2021-10-10 19:20,294,9.2
2021-10-10 19:35,284,8.1
2021-10-10 19:50,291,8.5
2021-10-10 20:05,298,10.1
2021-10-10 20:20,324,8.3
2021-10-10 20:35,306,6.9
2021-10-10 20:50,313,6.7
2021-10-10 21:05,285,3.8
2021-10-10 21:20,316,7.8
2021-10-10 21:35,284,4.0
2021-10-10 21:50,286,6.3
2021-10-10 22:05,296,4.0
2021-10-10 22:20,285,6.5
2021-10-10 22:35,298,6.5
2021-10-10 22:50,294,4.0
2021-10-10 23:05,281,3.4
2021-10-10 23:20,298,2.2
2021-10-10 23:35,282,3.4
2021-10-10 23:50,252,3.4
2021-10-11 00:05,258,0.2
2021-10-11 00:20,0,0.0
2021-10-11 00:35,281,1.8
2021-10-11 00:50,282,1.1
2021-10-11 01:05,282,4.2
2021-10-11 01:20,267,1.1
2021-10-11 01:35,288,4.5
2021-10-11 01:50,304,5.4
2021-10-11 02:05,329,2.7
2021-10-11 02:20,323,1.1
2021-10-11 02:35,292,3.6
2021-10-11 02:50,275,4.7
2021-10-11 03:05,282,1.6
2021-10-11 03:20,324,5.1
2021-10-11 03:35,305,4.5
2021-10-11 03:50,295,4.9
2021-10-11 04:05,303,4.0
2021-10-11 04:20,304,3.4
2021-10-11 04:35,316,3.8
2021-10-11 04:50,316,2.0
2021-10-11 05:05,321,2.2
2021-10-11 05:20,321,2.2
2021-10-11 05:35,320,3.4
2021-10-11 05:50,320,1.1
2021-10-11 06:05,324,2.9
2021-10-11 06:20,303,2.9
2021-10-11 06:35,307,2.9
2021-10-11 06:50,263,3.4
2021-10-11 07:05,276,4.7
2021-10-11 07:20,274,4.0
2021-10-11 07:35,305,3.8
2021-10-11 07:50,307,2.5
2021-10-11 08:05,313,2.2
2021-10-11 08:20,332,3.4
2021-10-11 08:35,333,2.5
2021-10-11 08:50,314,1.3
2021-10-11 09:05,337,1.1
2021-10-11 09:20,6,2.2
2021-10-11 09:35,135,5.8
2021-10-11 09:50,194,4.0
2021-10-11 10:05,158,6.9
2021-10-11 10:20,187,6.0
2021-10-11 10:35,185,6.0
2021-10-11 10:50,163,2.9
2021-10-11 11:05,124,4.9
2021-10-11 11:20,168,4.0
2021-10-11 11:35,125,3.4
2021-10-11 11:50,181,7.4
2021-10-11 12:05,142,10.1
2021-10-11 12:20,186,7.8
2021-10-11 12:35,156,7.4
2021-10-11 12:50,180,15.9
2021-10-11 13:05,187,12.1
2021-10-11 13:20,169,12.8
2021-10-11 13:35,159,8.5
2021-10-11 13:50,125,13.9
2021-10-11 14:05,141,8.7
2021-10-11 14:20,146,8.9
2021-10-11 14:35,158,8.5
2021-10-11 14:50,159,13.0
2021-10-11 15:05,160,12.1
2021-10-11 15:20,191,5.4
2021-10-11 15:35,191,5.6
2021-10-11 15:50,210,8.3
2021-10-11 16:05,209,6.9
2021-10-11 16:20,189,8.5
2021-10-11 16:35,220,8.7
2021-10-11 16:50,192,6.0
2021-10-11 17:05,216,7.8
2021-10-11 17:20,212,10.5
2021-10-11 17:35,186,7.2
2021-10-11 17:50,210,7.8
2021-10-11 18:05,200,6.9
2021-10-11 18:20,199,6.7
2021-10-11 18:35,197,4.5
2021-10-11 18:50,198,4.5
2021-10-11 19:05,148,7.8
2021-10-11 19:20,165,5.1
2021-10-11 19:35,184,3.8
2021-10-11 19:50,171,0.4
2021-10-11 20:05,125,4.9
2021-10-11 20:20,201,6.0
2021-10-11 20:35,160,14.1
2021-10-11 20:50,168,5.8
2021-10-11 21:05,163,12.1
2021-10-11 21:20,179,8.1
2021-10-11 21:35,170,5.4
2021-10-11 21:50,211,5.4
2021-10-11 22:05,234,5.4
2021-10-11 22:20,204,5.1
2021-10-11 22:35,196,6.0
2021-10-11 22:50,218,3.8
2021-10-11 23:05,243,0.9
2021-10-11 23:20,262,4.5
2021-10-11 23:35,263,4.9
2021-10-11 23:50,162,4.5
2021-10-12 00:05,150,1.1
2021-10-12 00:20,217,1.3
2021-10-12 00:35,225,0.4
2021-10-12 00:50,226,4.0
2021-10-12 01:05,245,4.2
2021-10-12 01:20,243,3.6
2021-10-12 01:35,216,2.7
2021-10-12 01:50,190,1.8
2021-10-12 02:05,197,2.2
2021-10-12 02:20,201,8.7
2021-10-12 02:35,162,4.0
2021-10-12 02:50,108,4.9
2021-10-12 03:05,129,3.1
2021-10-12 03:20,131,3.1
2021-10-12 03:35,153,2.5
2021-10-12 03:50,154,2.2
2021-10-12 04:05,0,0.0
2021-10-12 04:20,243,4.0
2021-10-12 04:35,265,3.6
2021-10-12 04:50,265,3.4
2021-10-12 05:05,278,3.1
2021-10-12 05:20,272,4.2
2021-10-12 05:35,254,2.9
2021-10-12 05:50,277,2.2
2021-10-12 06:05,201,1.1
2021-10-12 06:20,0,0.0
2021-10-12 06:35,242,2.2
2021-10-12 06:50,245,3.4
2021-10-12 07:05,245,2.0
2021-10-12 07:20,221,4.5
2021-10-12 07:35,236,3.6
2021-10-12 07:50,262,2.5
2021-10-12 08:05,0,0.0
2021-10-12 08:20,292,1.1
2021-10-12 08:35,291,2.9
2021-10-12 08:50,291,4.0
2021-10-12 09:05,293,2.0
2021-10-12 09:20,187,14.1
2021-10-12 09:35,169,14.5
2021-10-12 09:50,229,14.8
2021-10-12 10:05,232,5.4
2021-10-12 10:20,250,2.2
2021-10-12 10:35,61,6.5
2021-10-12 10:50,96,7.4
2021-10-12 11:05,112,7.4
2021-10-12 11:20,126,9.4
2021-10-12 11:35,195,12.3
2021-10-12 11:50,187,12.1
2021-10-12 12:05,215,15.2
2021-10-12 12:20,234,15.4
2021-10-12 12:35,166,9.6
2021-10-12 12:50,196,7.4
2021-10-12 13:05,184,19.7
2021-10-12 13:20,175,4.0
2021-10-12 13:35,121,11.4
2021-10-12 13:50,168,11.6
2021-10-12 14:05,109,14.8
2021-10-12 14:20,185,13.9
2021-10-12 14:35,178,15.2
2021-10-12 14:50,170,18.3
2021-10-12 15:05,166,17.9
2021-10-12 15:20,180,19.0
2021-10-12 15:35,112,20.4
2021-10-12 15:50,151,14.1
2021-10-12 16:05,170,11.2
2021-10-12 16:20,183,18.3
2021-10-12 16:35,199,16.3
2021-10-12 16:50,208,15.0
2021-10-12 17:05,177,12.1
2021-10-12 17:20,180,8.5
2021-10-12 17:35,161,8.1
2021-10-12 17:50,204,10.7
2021-10-12 18:05,172,9.6
2021-10-12 18:20,181,6.7
2021-10-12 18:35,187,13.2
2021-10-12 18:50,217,5.8
2021-10-12 19:05,229,4.5
2021-10-12 19:20,0,0.0
2021-10-12 19:35,298,2.7
2021-10-12 19:50,115,8.5
2021-10-12 20:05,101,7.4
2021-10-12 20:20,74,4.9
2021-10-12 20:35,109,6.5
2021-10-12 20:50,120,10.1
2021-10-12 21:05,123,9.6
2021-10-12 21:20,221,8.9
2021-10-12 21:35,245,4.9
2021-10-12 21:50,151,5.4
2021-10-12 22:05,124,9.6
2021-10-12 22:20,171,5.4
2021-10-12 22:35,209,5.1
2021-10-12 22:50,188,8.1
2021-10-12 23:05,152,7.4
2021-10-12 23:20,147,6.0
2021-10-12 23:35,145,7.6
2021-10-12 23:50,130,8.7
2021-10-13 00:05,111,11.4
2021-10-13 00:20,158,8.3
2021-10-13 00:35,188,8.7
2021-10-13 00:50,178,10.1
2021-10-13 01:05,163,9.6
2021-10-13 03:50,180,9.4
2021-10-13 04:05,193,17.7
2021-10-13 04:20,213,12.3
2021-10-13 04:35,204,11.0
2021-10-13 04:50,203,11.0
2021-10-13 05:05,178,14.3
2021-10-13 05:20,171,10.5
2021-10-13 05:35,160,11.6
2021-10-13 05:50,138,9.2
2021-10-13 06:05,170,14.8
2021-10-13 06:20,147,13.6
2021-10-13 06:35,190,8.9
2021-10-13 06:50,176,9.4
2021-10-13 07:05,193,12.8
2021-10-13 07:20,178,7.6
2021-10-13 07:35,152,10.1
2021-10-13 07:50,145,11.9
2021-10-13 08:05,161,10.3
2021-10-13 08:20,179,8.9
2021-10-13 08:35,168,11.9
2021-10-13 08:50,146,14.8
2021-10-13 09:05,166,13.2
2021-10-13 09:20,190,12.1
2021-10-13 09:35,172,12.8
2021-10-13 09:50,190,9.8
2021-10-13 10:05,192,11.4
2021-10-13 10:20,202,9.2
2021-10-13 10:35,166,8.1
2021-10-13 10:50,169,11.9
2021-10-13 11:05,152,8.9
2021-10-13 11:20,161,12.3
2021-10-13 11:35,158,7.4
2021-10-13 11:50,123,8.1
2021-10-13 12:05,159,11.0
2021-10-13 12:20,131,6.0
2021-10-13 12:35,127,10.5
2021-10-13 12:50,168,12.3
2021-10-13 13:05,180,6.0
2021-10-13 13:20,134,12.5
2021-10-13 13:35,161,10.3
2021-10-13 13:50,217,11.6
2021-10-13 14:05,188,8.1
2021-10-13 14:20,281,2.9
2021-10-13 14:35,268,5.1
2021-10-13 14:50,190,1.3
2021-10-13 15:05,256,4.5
2021-10-13 15:20,263,3.1
2021-10-13 15:35,231,8.5
2021-10-13 15:50,232,2.2
2021-10-13 16:05,274,6.5
2021-10-13 16:20,259,7.8
2021-10-13 16:35,265,3.4
2021-10-13 16:50,251,5.4
2021-10-13 17:05,215,3.6
2021-10-13 17:20,188,1.3
2021-10-13 17:35,259,8.9
2021-10-13 17:50,261,6.9
2021-10-13 18:05,289,5.4
2021-10-13 18:20,283,6.5
2021-10-13 18:35,273,5.8
2021-10-13 18:50,271,5.1
2021-10-13 19:05,275,3.8
2021-10-13 19:20,312,3.8
2021-10-13 19:35,280,3.4
2021-10-13 19:50,268,4.0
2021-10-13 20:05,269,4.9
2021-10-13 20:20,281,4.5
2021-10-13 20:35,285,5.1
2021-10-13 20:50,276,5.1
2021-10-13 21:05,276,5.4
2021-10-13 21:20,280,6.0
2021-10-13 21:35,276,4.7
2021-10-13 21:50,271,7.4
2021-10-13 22:05,280,5.4
2021-10-13 22:20,296,5.8
2021-10-13 22:35,276,5.4
2021-10-13 22:50,276,4.9
2021-10-13 23:05,273,3.6
2021-10-13 23:20,292,5.4
2021-10-13 23:35,295,5.8
2021-10-13 23:50,284,2.9
2021-10-14 00:05,284,2.2
2021-10-14 00:20,294,5.8
2021-10-14 00:35,163,2.5
2021-10-14 00:50,210,1.3
2021-10-14 01:05,159,3.4
2021-10-14 01:20,221,1.3
2021-10-14 04:05,274,3.4
2021-10-14 04:20,279,2.9
2021-10-14 04:35,289,1.6
2021-10-14 04:50,269,2.5
2021-10-14 05:05,284,3.6
2021-10-14 05:20,274,4.5
2021-10-14 05:35,287,2.5
2021-10-14 05:50,338,4.5
2021-10-14 06:05,317,3.6
2021-10-14 06:20,300,2.2
2021-10-14 06:35,299,2.7
2021-10-14 06:50,294,4.2
2021-10-14 07:05,282,4.7
2021-10-14 07:20,278,3.8
2021-10-14 07:35,275,4.7
2021-10-14 07:50,285,4.0
2021-10-14 08:05,329,3.4
2021-10-14 08:20,0,0.0
2021-10-14 08:35,331,2.2
2021-10-14 08:50,335,2.9
2021-10-14 09:05,336,2.2
2021-10-14 09:20,336,0.7
2021-10-14 09:35,0,0.0
2021-10-14 09:50,10,0.2
2021-10-14 10:05,132,2.5
2021-10-14 10:20,119,6.9
2021-10-14 10:35,131,4.0
2021-10-14 10:50,188,8.1
2021-10-14 11:05,139,7.2
2021-10-14 11:20,199,8.5
2021-10-14 11:35,143,10.7
2021-10-14 11:50,216,9.2
2021-10-14 12:05,160,10.1
2021-10-14 12:20,145,12.1
2021-10-14 12:35,260,12.3
2021-10-14 12:50,327,10.3
2021-10-14 13:05,22,3.4
2021-10-14 13:20,274,11.6
2021-10-14 13:35,318,3.8
2021-10-14 13:50,123,6.7
2021-10-14 14:05,96,5.6
2021-10-14 14:20,94,6.9
2021-10-14 14:35,152,8.5
2021-10-14 14:50,148,6.5
2021-10-14 15:05,97,1.1
2021-10-14 15:20,119,4.2
2021-10-14 15:35,106,6.3
2021-10-14 15:50,187,4.2
2021-10-14 16:05,240,9.2
2021-10-14 16:20,267,12.1
2021-10-14 16:35,221,8.5
2021-10-14 16:50,262,7.8
2021-10-14 17:05,274,15.2
2021-10-14 17:20,284,11.6
2021-10-14 17:35,276,10.1
2021-10-14 17:50,277,7.6
2021-10-14 18:05,281,6.5
2021-10-14 18:20,268,6.3
2021-10-14 18:35,223,2.0
2021-10-14 18:50,78,7.6
2021-10-14 19:05,2,2.5
2021-10-14 19:20,318,4.2
2021-10-14 19:35,316,0.9
2021-10-14 19:50,47,1.1
2021-10-14 20:05,222,0.2
2021-10-14 20:20,253,2.2
2021-10-14 20:35,269,2.2
2021-10-14 20:50,344,3.4
2021-10-14 21:05,332,8.7
2021-10-14 21:20,301,4.2
2021-10-14 21:35,282,4.2
2021-10-14 21:50,276,3.6
2021-10-14 22:05,268,3.8
2021-10-14 22:20,271,3.8
2021-10-14 22:35,281,2.7
2021-10-14 22:50,30,2.5
2021-10-14 23:05,19,2.2
2021-10-14 23:20,324,2.9
2021-10-14 23:35,312,1.1
2021-10-14 23:50,312,1.1
2021-10-15 00:05,312,0.9
2021-10-15 00:20,338,1.3
2021-10-15 00:35,0,0.0
2021-10-15 00:50,257,1.1
2021-10-15 01:05,271,2.2
2021-10-15 01:20,0,0.0
2021-10-15 01:35,359,0.9
2021-10-15 01:50,312,2.2
2021-10-15 02:05,355,4.0
2021-10-15 02:20,340,2.2
2021-10-15 02:35,323,2.2
2021-10-15 02:50,358,1.8
2021-10-15 03:05,310,3.8
2021-10-15 03:20,310,2.5
2021-10-15 03:35,298,3.8
2021-10-15 03:50,274,3.6
2021-10-15 04:05,271,3.1
2021-10-15 04:20,276,3.4
2021-10-15 04:35,286,4.5
2021-10-15 04:50,270,2.7
2021-10-15 05:05,333,3.4
2021-10-15 05:20,299,1.3
2021-10-15 05:35,0,0.0
2021-10-15 05:50,332,2.2
2021-10-15 06:05,287,4.0
2021-10-15 06:20,253,2.2
2021-10-15 06:35,1,1.8
2021-10-15 06:50,1,1.1
2021-10-15 07:05,0,0.0
2021-10-15 07:20,0,2.0
2021-10-15 07:35,264,3.6
2021-10-15 07:50,263,2.2
2021-10-15 08:05,0,0.0
2021-10-15 08:20,0,0.0
2021-10-15 08:35,0,0.0
2021-10-15 08:50,336,2.0
2021-10-15 09:05,338,0.9
2021-10-15 09:20,58,1.8
2021-10-15 09:35,93,0.9
2021-10-15 09:50,147,1.3
2021-10-15 10:05,105,0.2
2021-10-15 10:20,134,7.6
2021-10-15 10:35,177,2.2
2021-10-15 10:50,159,7.8
2021-10-15 11:05,111,3.8
2021-10-15 11:20,199,4.9
2021-10-15 11:35,160,0.7
2021-10-15 11:50,211,1.8
2021-10-15 12:05,86,4.7
2021-10-15 12:20,95,1.8
2021-10-15 12:35,161,2.7
2021-10-15 12:50,143,3.4
2021-10-15 13:05,130,6.0
2021-10-15 13:20,185,0.9
2021-10-15 13:35,131,10.7
2021-10-15 13:50,174,5.6
2021-10-15 14:05,173,5.1
2021-10-15 14:20,106,6.0
2021-10-15 14:35,139,0.4
2021-10-15 14:50,164,8.3
2021-10-15 15:05,89,5.1
2021-10-15 15:20,340,1.1
2021-10-15 15:35,143,10.1
2021-10-15 15:50,135,6.5
2021-10-15 16:05,130,6.0
2021-10-15 16:20,99,5.8
2021-10-15 16:35,126,4.5
2021-10-15 16:50,159,4.0
2021-10-15 17:05,167,2.2
2021-10-15 17:20,158,2.2
2021-10-15 17:35,120,2.5
2021-10-15 17:50,138,5.6
2021-10-15 18:05,139,4.0
2021-10-15 18:20,225,1.6
2021-10-15 18:35,0,0.0
2021-10-15 18:50,225,1.8
2021-10-15 19:05,240,2.2
2021-10-15 19:20,245,3.6
2021-10-15 19:35,275,5.8
2021-10-15 19:50,300,2.2
2021-10-15 20:05,291,6.9
2021-10-15 20:20,302,4.9
2021-10-15 20:35,290,5.6
2021-10-15 20:50,290,4.0
2021-10-15 21:05,316,2.5
2021-10-15 21:20,310,6.7
2021-10-15 21:35,326,5.4
2021-10-15 21:50,311,4.5
2021-10-15 22:05,288,4.7
2021-10-15 22:20,340,4.0
2021-10-15 22:35,329,4.7
2021-10-15 22:50,320,3.4
2021-10-15 23:05,297,3.4
2021-10-15 23:20,314,3.6
2021-10-15 23:35,325,2.2
2021-10-15 23:50,315,3.6
2021-10-16 00:05,326,3.8
2021-10-16 00:20,312,3.4
2021-10-16 00:35,277,4.5
2021-10-16 00:50,300,4.5
2021-10-16 01:05,282,4.7
2021-10-16 01:20,305,4.9
2021-10-16 01:35,315,4.5
2021-10-16 01:50,295,5.1
2021-10-16 02:05,353,5.4
2021-10-16 02:20,297,4.5
2021-10-16 02:35,300,5.8
2021-10-16 02:50,295,5.4
2021-10-16 03:05,283,5.8
2021-10-16 03:20,276,7.2
2021-10-16 03:35,278,7.4
2021-10-16 03:50,315,5.8
2021-10-16 04:05,324,5.1
2021-10-16 04:20,308,8.7
2021-10-16 04:35,292,7.6
2021-10-16 04:50,288,6.5
2021-10-16 05:05,303,7.2
2021-10-16 05:20,297,7.2
2021-10-16 05:35,298,7.6
2021-10-16 05:50,287,8.5
2021-10-16 06:05,286,6.9
2021-10-16 06:20,276,8.1
2021-10-16 06:35,284,8.1
2021-10-16 06:50,287,8.7
2021-10-16 07:05,296,6.0
2021-10-16 07:20,317,6.0
2021-10-16 07:35,282,8.9
2021-10-16 07:50,290,6.9
2021-10-16 08:05,322,6.0
2021-10-16 08:20,327,4.5
2021-10-16 08:35,301,6.0
2021-10-16 08:50,311,4.5
2021-10-16 09:05,312,3.8
2021-10-16 09:20,328,2.5
2021-10-16 09:35,337,3.4
2021-10-16 09:50,349,2.2
2021-10-16 10:05,349,2.5
2021-10-16 10:20,349,1.8
2021-10-16 10:35,123,4.9
2021-10-16 10:50,152,2.5
2021-10-16 11:05,132,5.8
2021-10-16 11:20,123,7.4
2021-10-16 11:35,164,6.0
2021-10-16 11:50,118,5.6
2021-10-16 12:05,161,5.8
2021-10-16 12:20,139,7.4
2021-10-16 12:35,142,4.0
2021-10-16 12:50,134,2.9
2021-10-16 13:05,165,3.1
2021-10-16 13:20,159,4.0
2021-10-16 13:35,140,4.5
2021-10-16 13:50,130,3.4
2021-10-16 14:05,161,2.2
2021-10-16 14:20,130,1.3
2021-10-16 14:35,144,5.4
2021-10-16 14:50,164,5.4
2021-10-16 15:05,175,3.4
2021-10-16 15:20,169,2.9
2021-10-16 15:35,134,2.5
2021-10-16 15:50,156,4.9
2021-10-16 16:05,133,6.0
2021-10-16 16:20,136,6.5
2021-10-16 16:35,154,2.2
2021-10-16 16:50,156,0.2
2021-10-16 17:05,94,3.4
2021-10-16 17:20,146,3.6
2021-10-16 17:35,199,4.0
2021-10-16 17:50,189,2.5
2021-10-16 18:05,189,2.0
2021-10-16 18:20,189,1.1
2021-10-16 18:35,189,2.0
2021-10-16 18:50,249,3.1
2021-10-16 19:05,295,3.4
2021-10-16 19:20,285,5.4
2021-10-16 19:35,283,6.3
2021-10-16 19:50,274,8.5
2021-10-16 20:05,285,6.5
2021-10-16 20:20,277,7.4
2021-10-16 20:35,280,8.5
2021-10-16 20:50,286,9.2
2021-10-16 21:05,284,9.6
2021-10-16 21:20,283,8.1
2021-10-16 21:35,280,8.5
2021-10-16 21:50,283,7.6
2021-10-16 22:05,293,6.9
2021-10-16 22:20,337,7.4
2021-10-16 22:35,306,5.8
2021-10-16 22:50,279,8.5
2021-10-16 23:05,331,3.8
2021-10-16 23:20,299,7.6
2021-10-16 23:35,309,9.2
2021-10-16 23:50,330,5.8
2021-10-17 00:05,307,5.8
2021-10-17 00:20,319,5.6
2021-10-17 00:35,321,7.8
2021-10-17 00:50,307,4.5
2021-10-17 01:05,321,0.9
2021-10-17 01:20,330,5.8
2021-10-17 01:35,306,4.5
2021-10-17 01:50,322,2.7
2021-10-17 02:05,302,5.8
2021-10-17 02:20,276,5.8
2021-10-17 02:35,316,4.0
2021-10-17 02:50,306,6.5
2021-10-17 03:05,334,2.2
2021-10-17 03:20,309,6.0
2021-10-17 03:35,281,8.9
2021-10-17 03:50,278,6.9
2021-10-17 04:05,318,5.8
2021-10-17 04:20,300,6.5
2021-10-17 04:35,278,7.6
2021-10-17 04:50,305,3.4
2021-10-17 05:05,330,6.7
2021-10-17 05:20,319,5.8
2021-10-17 05:35,305,5.8
2021-10-17 05:50,318,5.6
2021-10-17 06:05,315,5.1
2021-10-17 06:20,307,3.4
2021-10-17 06:35,298,5.4
2021-10-17 06:50,328,5.4
2021-10-17 07:05,303,5.1
2021-10-17 07:20,283,6.9
2021-10-17 07:35,312,3.1
2021-10-17 07:50,331,5.1
2021-10-17 08:05,332,4.5
2021-10-17 08:20,295,5.8
2021-10-17 08:35,324,3.8
2021-10-17 08:50,356,4.9
2021-10-17 09:05,357,3.1
2021-10-17 09:20,356,0.9
2021-10-17 09:35,4,3.4
2021-10-17 09:50,165,4.9
2021-10-17 10:05,167,6.0
2021-10-17 10:20,157,5.8
2021-10-17 10:35,157,6.9
2021-10-17 10:50,161,5.8
2021-10-17 11:05,119,6.5
2021-10-17 11:20,130,4.9
2021-10-17 11:35,166,4.7
2021-10-17 11:50,162,5.8
2021-10-17 12:05,151,5.6
2021-10-17 12:20,154,3.8
2021-10-17 12:35,182,4.2
2021-10-17 12:50,167,6.7
2021-10-17 13:05,171,6.7
2021-10-17 13:20,149,8.1
2021-10-17 13:35,169,7.4
2021-10-17 13:50,198,2.5
2021-10-17 14:05,136,6.3
2021-10-17 14:20,174,6.5
2021-10-17 14:35,160,7.6
2021-10-17 14:50,170,9.2
2021-10-17 15:05,204,8.1
2021-10-17 15:20,127,7.6
2021-10-17 15:35,147,9.8
2021-10-17 15:50,165,11.6
2021-10-17 16:05,174,8.9
2021-10-17 16:20,186,7.4
2021-10-17 16:35,155,7.2
2021-10-17 16:50,153,8.1
2021-10-17 17:05,174,7.2
2021-10-17 17:20,193,8.5
2021-10-17 17:35,183,6.0
2021-10-17 17:50,159,3.4
2021-10-17 18:05,152,1.8
2021-10-17 18:20,152,0.7
2021-10-17 18:35,0,0.0
2021-10-17 18:50,210,3.1
2021-10-17 19:05,217,2.9
2021-10-17 19:20,228,3.4
2021-10-17 19:35,242,4.5
2021-10-17 19:50,277,8.7
2021-10-17 20:05,275,10.5
2021-10-17 20:20,289,11.4
2021-10-17 20:35,280,6.5
2021-10-17 20:50,290,8.5
2021-10-17 21:05,272,7.4
2021-10-17 21:20,331,8.1
2021-10-17 21:35,309,6.5
2021-10-17 21:50,321,3.6
2021-10-17 22:05,320,3.4
2021-10-17 22:20,300,3.4
2021-10-17 22:35,334,3.1
2021-10-17 22:50,287,4.2
2021-10-17 23:05,271,1.3
2021-10-17 23:20,0,0.0
2021-10-17 23:35,335,2.2
2021-10-17 23:50,333,3.1
2021-10-18 00:05,278,3.1
2021-10-18 00:20,270,4.5
2021-10-18 00:35,261,2.9
2021-10-18 00:50,252,1.1
2021-10-18 01:05,327,3.4
2021-10-18 01:20,326,3.4
2021-10-18 01:35,285,3.8
2021-10-18 01:50,279,4.0
2021-10-18 02:05,279,3.4
2021-10-18 02:20,275,4.5
2021-10-18 02:35,280,3.8
2021-10-18 02:50,293,4.5
2021-10-18 03:05,296,6.9
2021-10-18 03:20,294,3.6
2021-10-18 03:35,284,3.6
2021-10-18 03:50,282,5.8
2021-10-18 04:05,279,3.6
2021-10-18 04:20,325,2.5
2021-10-18 04:35,325,2.9
2021-10-18 04:50,322,3.4
2021-10-18 05:05,326,1.3
2021-10-18 05:20,325,1.8
2021-10-18 05:35,0,0.0
2021-10-18 05:50,321,3.4
2021-10-18 06:05,292,2.7
2021-10-18 06:20,322,1.6
2021-10-18 06:35,323,2.9
2021-10-18 06:50,305,4.9
2021-10-18 07:05,295,5.4
2021-10-18 07:20,301,3.6
2021-10-18 07:35,288,3.6
2021-10-18 07:50,288,2.9
2021-10-18 08:05,284,2.9
2021-10-18 08:20,279,2.0
2021-10-18 08:35,279,1.8
2021-10-18 08:50,311,2.5
2021-10-18 09:05,1,4.0
2021-10-18 09:20,1,2.2
2021-10-18 09:35,182,1.8
2021-10-18 09:50,170,4.5
2021-10-18 10:05,153,8.1
2021-10-18 10:20,124,6.0
2021-10-18 10:35,118,8.3
2021-10-18 10:50,111,7.8
2021-10-18 11:05,145,10.3
2021-10-18 11:20,152,6.0
2021-10-18 11:35,137,10.5
2021-10-18 11:50,158,8.1
2021-10-18 12:05,170,9.6
2021-10-18 12:20,159,11.6
2021-10-18 12:35,175,7.4
2021-10-18 12:50,134,12.1
2021-10-18 13:05,215,8.9
2021-10-18 13:20,152,18.3
2021-10-18 13:35,180,10.7
2021-10-18 13:50,164,10.5
2021-10-18 14:05,190,16.3
2021-10-18 14:20,149,11.0
2021-10-18 14:35,179,17.2
2021-10-18 14:50,229,9.2
2021-10-18 15:05,187,7.6
2021-10-18 15:20,221,10.7
2021-10-18 15:35,197,13.0
2021-10-18 15:50,205,7.4
2021-10-18 16:05,174,9.4
2021-10-18 16:20,206,17.2
2021-10-18 16:35,205,11.4
2021-10-18 16:50,230,13.9
2021-10-18 17:05,222,12.8
2021-10-18 17:20,211,13.2
2021-10-18 17:35,221,14.8
2021-10-18 17:50,197,13.2
2021-10-18 18:05,202,7.6
2021-10-18 18:20,212,6.3
2021-10-18 18:35,224,3.6
2021-10-18 18:50,216,4.7
2021-10-18 19:05,231,1.3
2021-10-18 19:20,194,2.5
2021-10-18 19:35,114,2.2
2021-10-18 19:50,119,4.5
2021-10-18 20:05,130,4.5
2021-10-18 20:20,118,7.4
2021-10-18 20:35,131,5.1
2021-10-18 20:50,125,3.6
2021-10-18 21:05,121,1.1
2021-10-18 21:20,116,0.9
2021-10-18 21:35,116,0.7
2021-10-18 21:50,116,1.3
2021-10-18 22:05,211,9.6
2021-10-18 22:20,208,11.2
2021-10-18 22:35,204,7.6
2021-10-18 22:50,233,11.2
2021-10-18 23:05,215,6.5
2021-10-18 23:20,195,10.3
2021-10-18 23:35,194,6.9
2021-10-18 23:50,154,4.0
2021-10-19 00:05,118,3.8
2021-10-19 00:20,117,2.5
2021-10-19 00:35,114,3.4
2021-10-19 00:50,83,1.6
2021-10-19 01:05,83,2.2
2021-10-19 01:20,114,1.8
2021-10-19 01:35,87,5.8
2021-10-19 01:50,87,1.1
2021-10-19 02:05,88,2.9
2021-10-19 02:20,91,6.9
2021-10-19 02:35,88,12.8
2021-10-19 02:50,116,12.8
2021-10-19 03:05,125,6.0
2021-10-19 03:20,199,17.9
2021-10-19 03:35,239,19.0
2021-10-19 03:50,206,15.7
2021-10-19 04:05,217,14.1
2021-10-19 04:20,211,14.8
2021-10-19 04:35,228,16.3
2021-10-19 04:50,203,13.9
2021-10-19 05:05,210,16.1
2021-10-19 05:20,194,13.4
2021-10-19 05:35,185,9.6
2021-10-19 05:50,164,9.8
2021-10-19 06:05,186,8.5
2021-10-19 06:20,187,15.0
2021-10-19 06:35,190,13.6
2021-10-19 06:50,191,6.9
2021-10-19 07:05,171,6.0
2021-10-19 07:20,166,4.5
2021-10-19 07:35,174,7.6
2021-10-19 07:50,222,10.5
2021-10-19 08:05,207,10.1
2021-10-19 08:20,182,4.9
2021-10-19 08:35,180,8.3
2021-10-19 08:50,171,9.6
2021-10-19 09:05,188,10.5
2021-10-19 09:20,193,8.9
2021-10-19 09:35,172,12.8
2021-10-19 09:50,169,13.2
2021-10-19 10:05,191,12.3
2021-10-19 10:20,194,9.2
2021-10-19 10:35,170,12.1
2021-10-19 10:50,160,11.9
2021-10-19 11:05,191,13.4
2021-10-19 11:20,204,12.3
2021-10-19 11:35,165,12.1
2021-10-19 11:50,200,16.6
2021-10-19 12:05,261,9.6
2021-10-19 12:20,257,8.9
2021-10-19 12:35,236,6.7
2021-10-19 12:50,246,5.8
2021-10-19 13:05,271,4.0
2021-10-19 13:20,277,4.7
2021-10-19 13:35,351,5.4
2021-10-19 13:50,280,10.5
2021-10-19 14:05,290,8.9
2021-10-19 14:20,267,4.0
2021-10-19 14:35,285,11.2
2021-10-19 14:50,212,6.5
2021-10-19 15:05,266,8.7
2021-10-19 15:20,201,2.9
2021-10-19 15:35,286,7.4
2021-10-19 15:50,302,9.6
2021-10-19 16:05,323,13.9
2021-10-19 16:20,307,13.2
2021-10-19 16:35,330,11.4
2021-10-19 16:50,352,7.2
2021-10-19 17:05,299,15.2
2021-10-19 17:20,302,16.6
2021-10-19 17:35,278,13.9
2021-10-19 17:50,297,10.1
2021-10-19 18:05,324,14.1
2021-10-19 18:20,311,11.9
2021-10-19 18:35,327,6.7
2021-10-19 18:50,334,21.9
2021-10-19 19:05,333,17.2
2021-10-19 19:20,338,12.1
2021-10-19 19:35,328,10.5
2021-10-19 19:50,352,10.7
2021-10-19 22:35,0,0.0
2021-10-19 22:50,152,1.1
2021-10-19 23:05,152,1.1
2021-10-19 23:20,153,3.4
2021-10-19 23:35,291,1.1
2021-10-19 23:50,313,4.0
2021-10-20 00:05,343,3.4
2021-10-20 00:20,334,3.1
2021-10-20 00:35,300,1.3
2021-10-20 00:50,272,4.7
2021-10-20 01:05,278,3.4
2021-10-20 01:20,265,3.8
2021-10-20 01:35,301,3.4
2021-10-20 01:50,269,3.1
2021-10-20 02:05,284,2.9
2021-10-20 02:20,277,3.4
2021-10-20 02:35,280,3.4
2021-10-20 02:50,274,2.5
2021-10-20 03:05,295,4.2
2021-10-20 03:20,286,4.2
2021-10-20 03:35,285,3.4
2021-10-20 03:50,290,3.6
2021-10-20 04:05,290,3.8
2021-10-20 04:20,297,4.5
2021-10-20 04:35,297,3.4
2021-10-20 04:50,295,2.5
2021-10-20 05:05,289,2.7
2021-10-20 05:20,290,2.0
2021-10-20 05:35,290,2.5
2021-10-20 05:50,290,3.6
2021-10-20 06:05,290,2.2
2021-10-20 06:20,292,4.0
2021-10-20 06:35,275,2.2
2021-10-20 06:50,314,2.5
2021-10-20 07:05,289,2.7
2021-10-20 07:20,330,3.1
2021-10-20 07:35,289,4.5
2021-10-20 07:50,283,4.2
2021-10-20 08:05,279,3.4
2021-10-20 08:20,305,3.4
2021-10-20 08:35,325,4.5
2021-10-20 08:50,343,4.0
2021-10-20 09:05,326,2.2
2021-10-20 09:20,357,1.3
2021-10-20 09:35,40,2.9
2021-10-20 09:50,40,0.4
2021-10-20 10:05,0,0.0
2021-10-20 10:20,0,0.0
2021-10-20 10:35,139,4.5
2021-10-20 10:50,138,5.4
2021-10-20 11:05,134,3.1
2021-10-20 11:20,156,8.5
2021-10-20 11:35,201,6.3
2021-10-20 11:50,151,6.5
2021-10-20 12:05,133,6.3
2021-10-20 12:20,181,5.4
2021-10-20 12:35,193,6.0
2021-10-20 12:50,150,6.0
2021-10-20 13:05,122,8.1
2021-10-20 13:20,93,3.4
2021-10-20 13:35,154,5.4
2021-10-20 13:50,130,7.2
2021-10-20 14:05,169,6.0
2021-10-20 14:20,144,0.7
2021-10-20 14:35,212,9.2
2021-10-20 14:50,176,9.6
2021-10-20 15:05,203,5.8
2021-10-20 15:20,183,5.8
2021-10-20 15:35,131,5.8
2021-10-20 15:50,157,8.7
2021-10-20 16:05,136,6.7
2021-10-20 16:20,135,9.6
2021-10-20 16:35,117,7.4
2021-10-20 16:50,146,8.5
2021-10-20 17:05,119,5.8
2021-10-20 17:20,125,9.2
2021-10-20 17:35,163,6.5
2021-10-20 17:50,157,8.1
2021-10-20 18:05,169,4.7
2021-10-20 18:20,175,4.0
2021-10-20 18:35,208,2.9
2021-10-20 18:50,255,3.8
2021-10-20 19:05,257,2.7
2021-10-20 19:20,268,4.0
2021-10-20 19:35,0,0.0
2021-10-20 19:50,250,4.2
2021-10-20 20:05,279,8.5
2021-10-20 20:20,287,5.8
2021-10-20 20:35,293,4.5
2021-10-20 20:50,292,3.6
2021-10-20 21:05,301,6.5
2021-10-20 21:20,291,6.0
2021-10-20 21:35,292,2.5
2021-10-20 21:50,333,3.8
2021-10-20 22:05,287,5.4
2021-10-20 22:20,305,4.7
2021-10-20 22:35,300,6.3
2021-10-20 22:50,307,2.9
2021-10-20 23:05,332,4.7
2021-10-20 23:20,304,6.9
2021-10-20 23:35,307,7.2
2021-10-20 23:50,283,5.8
2021-10-21 00:05,286,4.5
2021-10-21 00:20,314,2.2
2021-10-21 00:35,324,3.8
2021-10-21 00:50,293,3.4
2021-10-21 01:05,308,4.9
2021-10-21 01:20,305,4.7
2021-10-21 01:35,305,5.1
2021-10-21 01:50,302,3.8
2021-10-21 02:05,312,4.7
2021-10-21 02:20,283,5.6
2021-10-21 02:35,272,4.0
2021-10-21 02:50,265,2.2
2021-10-21 03:05,265,1.8
2021-10-21 03:20,293,3.6
2021-10-21 03:35,248,3.4
2021-10-21 03:50,320,2.7
2021-10-21 04:05,313,4.2
2021-10-21 04:20,291,3.4
2021-10-21 04:35,288,3.8
2021-10-21 04:50,277,3.4
2021-10-21 05:05,287,3.6
2021-10-21 05:20,309,4.5
2021-10-21 05:35,332,2.7
2021-10-21 05:50,305,4.9
2021-10-21 06:05,300,2.9
2021-10-21 06:20,291,4.9
2021-10-21 06:35,284,3.8
2021-10-21 06:50,292,7.8
2021-10-21 07:05,288,6.0
2021-10-21 07:20,288,8.1
2021-10-21 07:35,296,6.3
2021-10-21 07:50,321,4.9
2021-10-21 08:05,297,5.8
2021-10-21 08:20,305,4.5
2021-10-21 08:35,308,3.8
2021-10-21 08:50,293,4.0
2021-10-21 09:05,307,3.6
2021-10-21 09:20,315,2.9
2021-10-21 09:35,315,1.3
2021-10-21 09:50,314,1.3
2021-10-21 10:05,170,2.7
2021-10-21 10:20,142,3.4
2021-10-21 10:35,153,4.5
2021-10-21 10:50,160,5.6
2021-10-21 11:05,159,4.9
2021-10-21 11:20,159,6.5
2021-10-21 11:35,179,6.3
2021-10-21 11:50,163,5.8
2021-10-21 12:05,148,5.6
2021-10-21 12:20,183,10.1
2021-10-21 12:35,172,4.0
2021-10-21 12:50,123,8.1
2021-10-21 13:05,132,5.4
2021-10-21 13:20,155,4.9
2021-10-21 13:35,152,2.5
2021-10-21 13:50,141,6.9
2021-10-21 14:05,137,2.2
2021-10-21 14:20,96,2.9
2021-10-21 14:35,94,0.7
2021-10-21 14:50,68,1.8
2021-10-21 15:05,163,1.1
2021-10-21 15:20,137,2.9
2021-10-21 15:35,197,3.8
2021-10-21 15:50,117,2.5
2021-10-21 16:05,216,0.9
2021-10-21 16:20,0,0.0
2021-10-21 16:35,82,0.9
2021-10-21 16:50,134,2.2
2021-10-21 17:05,0,0.0
2021-10-21 17:20,127,0.9
2021-10-21 17:35,153,2.9
2021-10-21 17:50,156,1.8
2021-10-21 18:05,193,1.1
2021-10-21 18:20,192,1.8
2021-10-21 18:35,221,1.3
2021-10-21 18:50,325,3.4
2021-10-21 19:05,275,3.4
2021-10-21 19:20,274,4.5
2021-10-21 19:35,76,3.6
2021-10-21 19:50,75,2.5
2021-10-21 20:05,301,4.7
2021-10-21 20:20,286,4.7
2021-10-21 20:35,325,4.7
2021-10-21 20:50,304,6.3
2021-10-21 21:05,267,5.4
2021-10-21 21:20,359,4.9
2021-10-21 21:35,298,4.9
2021-10-21 21:50,319,3.4
2021-10-21 22:05,295,5.4
2021-10-21 22:20,284,4.2
2021-10-21 22:35,291,3.8
2021-10-21 22:50,327,4.0
2021-10-21 23:05,290,5.6
2021-10-21 23:20,323,4.0
2021-10-21 23:35,326,5.4
2021-10-21 23:50,312,6.9
2021-10-22 00:05,294,5.4
2021-10-22 00:20,288,5.8
2021-10-22 00:35,294,6.3
2021-10-22 00:50,316,4.9
2021-10-22 01:05,294,5.8
2021-10-22 01:20,293,6.9
2021-10-22 01:35,297,4.9
2021-10-22 01:50,305,5.4
2021-10-22 02:05,288,6.7
2021-10-22 02:20,284,4.2
2021-10-22 02:35,310,5.8
2021-10-22 02:50,324,3.4
2021-10-22 03:05,323,4.5
2021-10-22 03:20,282,5.1
2021-10-22 03:35,273,4.2
2021-10-22 03:50,269,2.2
2021-10-22 04:05,286,3.4
2021-10-22 04:20,286,2.2
2021-10-22 04:35,285,2.5
2021-10-22 04:50,288,4.0
2021-10-22 05:05,289,3.8
2021-10-22 05:20,289,4.7
2021-10-22 05:35,289,2.2
2021-10-22 05:50,307,4.0
2021-10-22 06:05,307,2.2
2021-10-22 06:20,308,4.0
2021-10-22 06:35,303,7.4
2021-10-22 06:50,322,3.8
2021-10-22 07:05,305,6.5
2021-10-22 07:20,310,4.9
2021-10-22 07:35,292,7.6
2021-10-22 07:50,321,3.8
2021-10-22 08:05,296,5.1
2021-10-22 08:20,288,6.3
2021-10-22 08:35,318,2.5
2021-10-22 08:50,319,3.4
2021-10-22 09:05,319,2.9
2021-10-22 09:20,319,2.5
2021-10-22 09:35,0,0.0
2021-10-22 09:50,319,1.1
2021-10-22 10:05,138,3.4
2021-10-22 10:20,134,2.9
2021-10-22 10:35,146,6.5
2021-10-22 10:50,120,6.0
2021-10-22 11:05,167,5.4
2021-10-22 11:20,137,5.1
2021-10-22 11:35,158,4.2
2021-10-22 11:50,172,6.3
2021-10-22 12:05,144,3.4
2021-10-22 12:20,198,4.5
2021-10-22 12:35,139,6.9
2021-10-22 12:50,129,5.4
2021-10-22 13:05,147,4.9
2021-10-22 13:20,210,4.9
2021-10-22 13:35,192,2.2
2021-10-22 13:50,129,5.8
2021-10-22 14:05,173,5.4
2021-10-22 14:20,193,6.9
2021-10-22 14:35,160,6.9
2021-10-22 14:50,197,7.2
2021-10-22 15:05,119,6.9
2021-10-22 15:20,212,4.9
2021-10-22 15:35,201,7.6
2021-10-22 15:50,212,7.4
2021-10-22 16:05,166,8.7
2021-10-22 16:20,163,10.5
2021-10-22 16:35,197,8.1
2021-10-22 16:50,180,6.9
2021-10-22 17:05,187,7.2
2021-10-22 17:20,182,5.4
2021-10-22 17:35,188,6.5
2021-10-22 17:50,179,3.4
2021-10-22 18:05,159,2.2
2021-10-22 18:20,159,2.2
2021-10-22 18:35,160,3.4
2021-10-22 18:50,238,3.8
2021-10-22 19:05,264,4.5
2021-10-22 19:20,298,5.8
2021-10-22 19:35,322,3.1
2021-10-22 19:50,316,6.7
2021-10-22 20:05,293,9.6
2021-10-22 20:20,286,8.7
2021-10-22 20:35,291,6.3
2021-10-22 20:50,272,8.1
2021-10-22 21:05,287,8.1
2021-10-22 21:20,320,4.9
2021-10-22 21:35,295,7.2
2021-10-22 21:50,337,5.4
2021-10-22 22:05,324,4.9
2021-10-22 22:20,279,5.4
2021-10-22 22:35,298,4.5
2021-10-22 22:50,272,4.2
2021-10-22 23:05,293,2.7
2021-10-22 23:20,331,4.0
2021-10-22 23:35,312,4.2
2021-10-22 23:50,284,2.9
2021-10-23 00:05,272,4.2
2021-10-23 00:20,263,4.0
2021-10-23 00:35,307,4.5
2021-10-23 00:50,305,3.4
2021-10-23 01:05,287,4.5
2021-10-23 01:20,301,2.5
2021-10-23 01:35,288,5.1
2021-10-23 01:50,277,5.1
2021-10-23 02:05,273,4.5
2021-10-23 02:20,293,5.1
2021-10-23 02:35,320,3.6
2021-10-23 02:50,326,4.7
2021-10-23 03:05,293,3.4
2021-10-23 03:20,283,7.2
2021-10-23 03:35,323,4.2
2021-10-23 03:50,294,4.5
2021-10-23 04:05,280,5.1
2021-10-23 04:20,288,5.8
2021-10-23 04:35,274,4.5
2021-10-23 04:50,310,4.2
2021-10-23 05:05,322,2.2
2021-10-23 05:20,320,3.4
2021-10-23 05:35,292,2.2
2021-10-23 05:50,322,3.6
2021-10-23 06:05,287,4.9
2021-10-23 06:20,282,5.1
2021-10-23 06:35,276,4.5
2021-10-23 06:50,296,3.6
2021-10-23 07:05,304,4.0
2021-10-23 07:20,317,3.8
2021-10-23 07:35,304,2.5
2021-10-23 07:50,292,2.7
2021-10-23 08:05,281,3.1
2021-10-23 08:20,283,3.4
2021-10-23 08:35,328,4.0
2021-10-23 08:50,326,2.0
2021-10-23 09:05,314,0.2
2021-10-23 09:20,2,3.4
2021-10-23 09:35,42,4.5
2021-10-23 09:50,104,3.1
2021-10-23 10:05,139,2.2
2021-10-23 10:20,120,4.9
2021-10-23 10:35,129,8.1
2021-10-23 10:50,121,7.6
2021-10-23 11:05,171,7.4
2021-10-23 11:20,204,12.1
2021-10-23 11:35,185,11.6
2021-10-23 11:50,172,14.1
2021-10-23 12:05,196,13.6
2021-10-23 12:20,171,9.4
2021-10-23 12:35,169,12.3
2021-10-23 12:50,172,12.3
2021-10-23 13:05,188,12.8
2021-10-23 13:20,199,14.3
2021-10-23 13:35,170,14.5
2021-10-23 13:50,163,13.2
2021-10-23 14:05,197,12.3
2021-10-23 14:20,197,14.8
2021-10-23 14:35,206,11.2
2021-10-23 14:50,188,15.7
2021-10-23 15:05,186,11.0
2021-10-23 15:20,168,12.8
2021-10-23 15:35,209,21.0
2021-10-23 15:50,184,12.5
2021-10-23 16:05,178,16.1
2021-10-23 16:20,173,12.8
2021-10-23 16:35,177,17.0
2021-10-23 16:50,203,14.3
2021-10-23 17:05,181,10.7
2021-10-23 17:20,203,17.2
2021-10-23 17:35,196,17.9
2021-10-23 17:50,197,9.4
2021-10-23 18:05,239,3.8
2021-10-23 18:20,8,8.1
2021-10-23 18:35,249,4.2
2021-10-23 18:50,311,1.3
2021-10-23 19:05,281,1.1
2021-10-23 19:20,248,1.8
2021-10-23 19:35,249,5.8
2021-10-23 19:50,282,6.0
2021-10-23 20:05,280,6.3
2021-10-23 20:20,303,13.4
2021-10-23 20:35,301,11.6
2021-10-23 20:50,327,11.6
2021-10-23 21:05,284,14.5
2021-10-23 21:20,267,7.6
2021-10-23 21:35,310,4.9
2021-10-23 21:50,357,5.8
2021-10-23 22:05,1,4.7
2021-10-23 22:20,12,5.4
2021-10-23 22:35,205,9.6
2021-10-23 22:50,171,7.4
2021-10-23 23:05,210,8.5
2021-10-23 23:20,217,6.3
2021-10-23 23:35,182,6.3
2021-10-23 23:50,173,6.5
2021-10-24 00:05,177,6.3
2021-10-24 00:20,161,7.2
2021-10-24 00:35,175,5.4
2021-10-24 00:50,164,7.4
2021-10-24 01:05,160,6.3
2021-10-24 01:20,132,13.9
2021-10-24 01:35,172,9.6
2021-10-24 01:50,192,9.2
2021-10-24 02:05,225,8.1
2021-10-24 02:20,234,5.6
2021-10-24 02:35,230,6.0
2021-10-24 02:50,227,4.5
2021-10-24 03:05,0,0.0
2021-10-24 03:20,0,0.0
2021-10-24 03:35,183,3.4
2021-10-24 03:50,168,2.2
2021-10-24 04:05,168,0.9
2021-10-24 04:20,130,3.4
2021-10-24 04:35,128,6.7
2021-10-24 04:50,158,7.6
2021-10-24 05:05,170,5.8
2021-10-24 05:20,165,5.4
2021-10-24 05:35,168,6.9
2021-10-24 05:50,174,8.1
2021-10-24 06:05,175,7.4
2021-10-24 06:20,174,6.5
2021-10-24 06:35,171,9.2
2021-10-24 06:50,162,9.6
2021-10-24 07:05,169,9.6
2021-10-24 07:20,177,9.2
2021-10-24 07:35,181,9.2
2021-10-24 07:50,173,6.3
2021-10-24 08:05,242,0.7
2021-10-24 08:20,61,0.7
2021-10-24 08:35,166,8.1
2021-10-24 08:50,153,7.8
2021-10-24 09:05,163,11.2
2021-10-24 09:20,176,11.6
2021-10-24 09:35,186,9.6
2021-10-24 09:50,158,5.8
2021-10-24 10:05,196,10.3
2021-10-24 10:20,207,9.2
2021-10-24 10:35,223,7.4
2021-10-24 10:50,196,6.0
2021-10-24 11:05,196,2.7
2021-10-24 11:20,258,4.9
2021-10-24 11:35,291,11.6
2021-10-24 11:50,216,4.9
2021-10-24 12:05,258,8.5
2021-10-24 12:20,315,7.6
2021-10-24 12:35,233,9.4
2021-10-24 12:50,209,1.3
2021-10-24 13:05,232,7.6
2021-10-24 13:20,257,5.6
2021-10-24 13:35,162,4.0
2021-10-24 13:50,317,7.6
2021-10-24 14:05,228,14.8
2021-10-24 14:20,251,8.9
2021-10-24 14:35,304,6.9
2021-10-24 14:50,285,18.3
2021-10-24 15:05,288,13.0
2021-10-24 15:20,329,16.3
2021-10-24 15:35,300,17.7
2021-10-24 15:50,349,9.6
2021-10-24 16:05,290,12.3
2021-10-24 16:20,297,11.6
2021-10-24 16:35,253,9.6
2021-10-24 16:50,256,10.7
2021-10-24 17:05,293,8.9
2021-10-24 17:20,177,7.6
2021-10-24 17:35,186,8.1
2021-10-24 17:50,195,6.9
2021-10-24 18:05,186,6.7
2021-10-24 18:20,212,3.8
2021-10-24 18:35,228,5.4
2021-10-24 18:50,227,3.8
2021-10-24 19:05,229,5.4
2021-10-24 19:20,163,2.2
2021-10-24 19:35,129,2.9
2021-10-24 19:50,153,1.1
2021-10-24 20:05,56,3.4
2021-10-24 20:20,53,3.4
2021-10-24 20:35,329,3.8
2021-10-24 20:50,328,2.5
2021-10-24 21:05,290,4.5
2021-10-24 21:20,287,4.0
2021-10-24 21:35,290,6.9
2021-10-24 21:50,299,4.5
2021-10-24 22:05,291,4.5
2021-10-24 22:20,273,4.5
2021-10-24 22:35,280,4.5
2021-10-24 22:50,292,4.5
2021-10-24 23:05,280,4.5
2021-10-24 23:20,312,4.0
2021-10-24 23:35,280,5.8
2021-10-24 23:50,279,6.0
2021-10-25 00:05,277,6.9
2021-10-25 00:20,272,6.9
2021-10-25 00:35,280,6.0
2021-10-25 00:50,279,4.7
2021-10-25 01:05,292,1.1
2021-10-25 01:20,325,2.2
2021-10-25 01:35,325,2.2
2021-10-25 01:50,324,3.1
2021-10-25 02:05,325,2.0
2021-10-25 02:20,318,4.2
2021-10-25 02:35,301,4.5
2021-10-25 02:50,295,4.5
2021-10-25 03:05,310,3.8
2021-10-25 03:20,285,4.7
2021-10-25 03:35,277,2.2
2021-10-25 03:50,292,4.5
2021-10-25 04:05,282,5.8
2021-10-25 04:20,273,2.7
2021-10-25 04:35,325,5.6
2021-10-25 04:50,275,3.4
2021-10-25 05:05,301,2.7
2021-10-25 05:20,279,6.0
2021-10-25 05:35,274,5.8
2021-10-25 05:50,276,3.1
2021-10-25 06:05,286,4.0
2021-10-25 06:20,337,1.3
2021-10-25 06:35,327,4.0
2021-10-25 06:50,312,4.2
2021-10-25 07:05,297,3.4
2021-10-25 07:20,308,2.5
2021-10-25 07:35,318,2.9
2021-10-25 07:50,319,2.0
2021-10-25 08:05,316,4.0
2021-10-25 08:20,297,3.4
2021-10-25 08:35,276,2.2
2021-10-25 08:50,277,0.9
2021-10-25 09:05,335,2.2
2021-10-25 09:20,334,2.5
2021-10-25 09:35,335,2.2
2021-10-25 09:50,53,0.2
2021-10-25 10:05,125,3.4
2021-10-25 10:20,185,5.8
2021-10-25 10:35,156,8.5
2021-10-25 10:50,146,9.6
2021-10-25 11:05,142,7.4
2021-10-25 11:20,169,13.0
2021-10-25 11:35,209,13.6
2021-10-25 11:50,176,6.0
2021-10-25 12:05,164,4.9
2021-10-25 12:20,181,10.7
2021-10-25 12:35,201,6.3
2021-10-25 12:50,187,6.0
2021-10-25 13:05,177,9.6
2021-10-25 13:20,209,10.1
2021-10-25 13:35,201,7.6
2021-10-25 13:50,179,9.6
2021-10-25 14:05,201,13.9
2021-10-25 14:20,152,13.6
2021-10-25 14:35,182,11.2
2021-10-25 14:50,168,16.8
2021-10-25 15:05,166,16.8
2021-10-25 15:20,180,16.8
2021-10-25 15:35,180,13.9
2021-10-25 15:50,211,13.6
2021-10-25 16:05,187,14.8
2021-10-25 16:20,183,17.7
2021-10-25 16:35,196,20.1
2021-10-25 16:50,182,17.4
2021-10-25 17:05,171,15.2
2021-10-25 17:20,192,16.1
2021-10-25 17:35,210,15.4
2021-10-25 17:50,183,12.1
2021-10-25 18:05,186,17.7
2021-10-25 18:20,203,17.2
2021-10-25 18:35,213,13.9
2021-10-25 18:50,209,13.9
2021-10-25 19:05,167,15.4
2021-10-25 19:20,232,13.2
2021-10-25 19:35,260,10.1
2021-10-25 19:50,227,15.0
2021-10-25 20:05,199,7.4
2021-10-25 20:20,168,3.4
2021-10-25 20:35,146,7.4
2021-10-25 20:50,128,5.4
2021-10-25 21:05,126,4.2
2021-10-25 21:20,149,5.6
2021-10-25 21:35,170,2.7
2021-10-25 21:50,202,3.8
2021-10-25 22:05,180,5.4
2021-10-25 22:20,165,4.7
2021-10-25 22:35,163,4.5
2021-10-25 22:50,157,5.4
2021-10-25 23:05,194,2.7
2021-10-25 23:20,168,4.2
2021-10-25 23:35,174,5.8
2021-10-25 23:50,203,4.0
2021-10-26 00:05,180,5.6
2021-10-26 00:20,172,7.6
2021-10-26 00:35,162,4.5
2021-10-26 00:50,135,2.9
2021-10-26 01:05,116,3.8
2021-10-26 01:20,116,4.5
2021-10-26 01:35,144,8.1
2021-10-26 01:50,176,8.1
2021-10-26 02:05,185,8.1
2021-10-26 02:20,200,7.4
2021-10-26 02:35,193,6.5
2021-10-26 02:50,192,6.0
2021-10-26 03:05,168,7.6
2021-10-26 03:20,186,4.5
2021-10-26 03:35,212,3.8
2021-10-26 03:50,182,5.8
2021-10-26 04:05,193,4.5
2021-10-26 04:20,174,6.9
2021-10-26 04:35,199,8.3
2021-10-26 04:50,214,9.2
2021-10-26 05:05,223,7.8
2021-10-26 05:20,215,8.9
2021-10-26 05:35,214,8.1
2021-10-26 05:50,224,5.6
2021-10-26 06:05,247,3.4
2021-10-26 06:20,193,2.2
2021-10-26 06:35,312,1.3
2021-10-26 06:50,0,0.0
2021-10-26 07:05,312,0.2
2021-10-26 07:20,311,1.1
2021-10-26 07:35,0,0.0
2021-10-26 07:50,311,1.1
2021-10-26 08:05,0,0.0
2021-10-26 08:20,311,1.1
2021-10-26 08:35,0,0.0
2021-10-26 08:50,0,0.0
2021-10-26 09:05,131,5.6
2021-10-26 09:20,152,7.4
2021-10-26 09:35,146,8.9
2021-10-26 09:50,201,11.9
2021-10-26 10:05,171,9.6
2021-10-26 10:20,175,19.9
2021-10-26 10:35,204,15.9
2021-10-26 10:50,193,15.2
2021-10-26 11:05,181,12.3
2021-10-26 11:20,163,15.9
2021-10-26 11:35,169,12.8
2021-10-26 11:50,318,5.8
2021-10-26 12:05,106,6.0
2021-10-26 12:20,130,10.5
2021-10-26 12:35,133,11.9
2021-10-26 12:50,130,9.2
2021-10-26 13:05,199,17.9
2021-10-26 13:20,202,18.8
2021-10-26 13:35,219,15.4
2021-10-26 13:50,227,18.6
2021-10-26 14:05,188,15.0
2021-10-26 14:20,214,14.1
2021-10-26 14:35,267,14.8
2021-10-26 14:50,262,14.5
2021-10-26 15:05,277,12.3
2021-10-26 15:20,303,13.9
2021-10-26 15:35,306,14.8
2021-10-26 15:50,317,13.2
2021-10-26 16:05,256,17.0
2021-10-26 16:20,322,17.2
2021-10-26 16:35,352,7.6
2021-10-26 16:50,320,3.1
2021-10-26 17:05,21,5.8
2021-10-26 17:20,240,9.2
2021-10-26 17:35,259,5.8
2021-10-26 17:50,336,12.3
2021-10-26 18:05,305,9.6
2021-10-26 18:20,273,4.9
2021-10-26 18:35,326,2.5
2021-10-26 18:50,326,2.2
2021-10-26 19:05,328,3.4
2021-10-26 19:20,346,5.8
2021-10-26 19:35,316,5.8
2021-10-26 19:50,266,3.8
2021-10-26 20:05,359,5.4
2021-10-26 20:20,289,2.5
2021-10-26 20:35,293,4.7
2021-10-26 20:50,327,7.6
2021-10-26 21:05,345,3.8
2021-10-26 21:20,308,2.5
2021-10-26 21:35,284,3.8
2021-10-26 21:50,271,2.7
2021-10-26 22:05,297,4.9
2021-10-26 22:20,284,4.5
2021-10-26 22:35,317,1.8
2021-10-26 22:50,299,2.7
2021-10-26 23:05,304,4.9
2021-10-26 23:20,319,5.8
2021-10-26 23:35,284,4.2
2021-10-26 23:50,271,2.5
2021-10-27 00:05,277,3.8
2021-10-27 00:20,265,3.4
2021-10-27 00:35,265,2.5
2021-10-27 00:50,0,0.0
2021-10-27 01:05,266,2.2
2021-10-27 01:20,265,1.6
2021-10-27 01:35,264,3.4
2021-10-27 01:50,221,2.9
2021-10-27 02:05,248,1.8
2021-10-27 02:20,206,3.4
2021-10-27 02:35,187,1.1
2021-10-27 02:50,190,2.0
2021-10-27 03:05,176,2.2
2021-10-27 03:20,271,0.7
2021-10-27 03:35,114,4.9
2021-10-27 03:50,106,2.7
2021-10-27 04:05,106,1.6
2021-10-27 04:20,44,4.0
2021-10-27 04:35,347,2.9
2021-10-27 04:50,243,3.8
2021-10-27 05:05,261,4.9
2021-10-27 05:20,223,3.4
2021-10-27 05:35,205,3.4
2021-10-27 05:50,327,2.9
2021-10-27 06:05,298,2.5
2021-10-27 06:20,298,2.5
2021-10-27 06:35,285,2.9
2021-10-27 06:50,348,0.9
2021-10-27 07:05,332,3.4
2021-10-27 07:20,329,2.2
2021-10-27 07:35,272,3.1
2021-10-27 07:50,239,2.7
2021-10-27 08:05,16,3.6
2021-10-27 08:20,336,2.5
2021-10-27 08:35,333,1.1
2021-10-27 08:50,343,0.2
2021-10-27 09:05,26,1.8
2021-10-27 09:20,73,3.1
2021-10-27 09:35,102,5.1
2021-10-27 09:50,105,3.4
2021-10-27 10:05,193,4.5
2021-10-27 10:20,177,3.4
2021-10-27 10:35,118,3.4
2021-10-27 10:50,102,4.0
2021-10-27 11:05,201,3.4
2021-10-27 11:20,160,2.2
2021-10-27 11:35,203,4.2
2021-10-27 11:50,162,5.1
2021-10-27 12:05,119,6.9
2021-10-27 12:20,211,5.6
2021-10-27 12:35,105,7.6
2021-10-27 12:50,233,4.7
2021-10-27 13:05,156,5.1
2021-10-27 13:20,147,1.8
2021-10-27 13:35,124,4.5
2021-10-27 13:50,23,2.5
2021-10-27 14:05,304,13.9
2021-10-27 14:20,303,8.5
2021-10-27 14:35,294,14.3
2021-10-27 14:50,330,13.6
2021-10-27 15:05,296,12.1
2021-10-27 15:20,277,17.4
2021-10-27 15:35,303,10.3
2021-10-27 15:50,308,12.3
2021-10-27 16:05,316,15.4
2021-10-27 16:20,319,12.5
2021-10-27 16:35,315,12.5
2021-10-27 16:50,269,11.9
2021-10-27 17:05,253,17.4
2021-10-27 17:20,237,18.3
2021-10-27 17:35,269,12.8
2021-10-27 17:50,281,8.5
2021-10-27 18:05,267,14.8
2021-10-27 18:20,277,11.6
2021-10-27 18:35,273,7.6
2021-10-27 18:50,271,4.0
2021-10-27 19:05,297,2.2
2021-10-27 19:20,296,3.4
2021-10-27 19:35,330,1.3
2021-10-27 19:50,330,1.6
2021-10-27 20:05,330,0.7
2021-10-27 20:20,0,0.0
2021-10-27 20:35,330,1.1
2021-10-27 20:50,330,2.2
2021-10-27 21:05,0,0.0
2021-10-27 21:20,0,0.0
2021-10-27 21:35,151,2.5
2021-10-27 21:50,274,2.9
2021-10-27 22:05,273,0.4
2021-10-27 22:20,274,3.4
2021-10-27 22:35,273,3.6
2021-10-27 22:50,271,3.4
2021-10-27 23:05,304,3.4
2021-10-27 23:20,300,1.8
2021-10-27 23:35,311,2.2
2021-10-28 00:05,309,3.4
2021-10-28 00:20,309,3.1
2021-10-28 00:35,309,3.4
2021-10-28 00:50,304,2.5
2021-10-28 01:05,323,2.5
2021-10-28 01:20,323,4.0
2021-10-28 01:35,323,3.4
2021-10-28 01:50,286,3.4
2021-10-28 02:05,293,3.4
2021-10-28 02:20,283,3.4
2021-10-28 02:35,315,1.8
2021-10-28 02:50,311,4.0
2021-10-28 03:05,298,3.8
2021-10-28 03:20,298,4.0
2021-10-28 03:35,300,4.7
2021-10-28 03:50,320,3.1
2021-10-28 04:05,312,3.4
2021-10-28 04:20,303,3.4
2021-10-28 04:35,296,4.5
2021-10-28 04:50,295,5.1
2021-10-28 05:05,286,4.9
2021-10-28 05:20,304,2.0
2021-10-28 05:35,304,2.2
2021-10-28 05:50,309,2.2
2021-10-28 06:05,291,4.2
2021-10-28 06:20,328,3.6
2021-10-28 06:35,321,4.2
2021-10-28 06:50,320,3.1
2021-10-28 07:05,292,2.0
2021-10-28 07:20,303,2.5
2021-10-28 07:35,322,4.0
2021-10-28 07:50,292,4.0
2021-10-28 08:05,337,3.4
2021-10-28 08:20,315,3.8
2021-10-28 08:35,325,3.1
2021-10-28 08:50,321,2.5
2021-10-28 09:05,313,5.1
2021-10-28 09:20,313,2.2
2021-10-28 09:35,313,1.8
2021-10-28 09:50,125,2.2
2021-10-28 10:05,203,3.6
2021-10-28 10:20,132,3.8
2021-10-28 10:35,186,2.2
2021-10-28 10:50,151,0.9
2021-10-28 11:05,94,3.4
2021-10-28 11:20,96,1.1
2021-10-28 11:35,211,2.2
2021-10-28 11:50,138,2.5
2021-10-28 12:05,201,2.2
2021-10-28 12:20,102,3.4
2021-10-28 12:35,33,3.1
2021-10-28 12:50,76,1.3
2021-10-28 13:05,56,1.1
2021-10-28 13:20,124,4.5
2021-10-28 13:35,191,0.2
2021-10-28 13:50,155,2.9
2021-10-28 14:05,358,0.2
2021-10-28 14:20,40,5.8
2021-10-28 14:35,156,2.5
2021-10-28 14:50,133,4.9
2021-10-28 15:05,154,2.9
2021-10-28 15:20,131,7.8
2021-10-28 15:35,79,3.8
2021-10-28 15:50,201,2.9
2021-10-28 16:05,309,14.8
2021-10-28 16:20,310,16.3
2021-10-28 16:35,319,13.6
2021-10-28 16:50,307,17.0
2021-10-28 17:05,309,17.9
2021-10-28 17:20,311,19.0
2021-10-28 17:35,304,15.9
2021-10-28 17:50,324,17.4
2021-10-28 18:05,300,11.6
2021-10-28 18:20,311,14.3
2021-10-28 18:35,325,17.4
2021-10-28 18:50,315,15.4
2021-10-28 19:05,302,14.5
2021-10-28 19:20,311,19.5
2021-10-28 19:35,310,19.0
2021-10-28 19:50,54,7.4
2021-10-28 20:05,315,9.2
2021-10-28 20:20,320,13.2
2021-10-28 20:35,325,5.4
2021-10-28 20:50,42,14.5
2021-10-28 21:05,333,5.8
2021-10-28 21:20,304,16.3
2021-10-28 21:35,326,10.3
2021-10-28 21:50,303,12.3
2021-10-28 22:05,314,10.1
2021-10-28 22:20,334,12.1
2021-10-28 22:35,342,7.6
2021-10-28 22:50,328,6.5
2021-10-28 23:05,304,4.5
2021-10-28 23:20,355,2.5
2021-10-28 23:35,341,4.5
2021-10-28 23:50,336,5.1
2021-10-29 00:05,352,5.4
2021-10-29 00:20,313,7.2
2021-10-29 00:35,326,8.5
2021-10-29 00:50,297,11.9
2021-10-29 01:05,291,10.5
2021-10-29 01:20,287,13.4
2021-10-29 01:35,290,12.1
2021-10-29 01:50,312,8.1
2021-10-29 02:05,305,7.6
2021-10-29 02:20,302,6.3
2021-10-29 02:35,303,8.5
2021-10-29 02:50,289,3.8
2021-10-29 03:05,310,6.0
2021-10-29 03:20,312,4.7
2021-10-29 03:35,289,10.5
2021-10-29 03:50,276,10.5
2021-10-29 04:05,276,3.8
2021-10-29 04:20,307,5.4
2021-10-29 04:35,329,2.2
2021-10-29 04:50,260,2.7
2021-10-29 05:05,295,2.5
2021-10-29 05:20,296,3.4
2021-10-29 05:35,294,4.0
2021-10-29 05:50,297,2.5
2021-10-29 06:05,296,6.0
2021-10-29 06:20,319,2.9
2021-10-29 06:35,291,3.8
2021-10-29 06:50,298,7.4
2021-10-29 07:05,16,4.9
2021-10-29 07:20,333,4.0
2021-10-29 07:35,299,6.3
2021-10-29 07:50,270,2.2
2021-10-29 08:05,337,1.6
2021-10-29 08:20,341,2.5
2021-10-29 08:35,344,1.6
2021-10-29 08:50,94,1.3
2021-10-29 09:05,126,1.1
2021-10-29 09:20,139,2.5
2021-10-29 09:35,94,2.0
2021-10-29 09:50,84,2.7
2021-10-29 10:05,120,2.9
2021-10-29 10:20,211,3.8
2021-10-29 10:35,151,2.9
2021-10-29 10:50,179,5.6
2021-10-29 11:05,122,5.4
2021-10-29 11:20,159,4.0
2021-10-29 11:35,128,4.9
2021-10-29 11:50,119,4.7
2021-10-29 12:05,108,6.3
2021-10-29 12:20,191,3.6
2021-10-29 12:35,186,8.5
2021-10-29 12:50,165,6.5
2021-10-29 13:05,169,7.8
2021-10-29 13:20,153,6.9
2021-10-29 13:35,137,5.8
2021-10-29 13:50,173,4.7
2021-10-29 14:05,133,8.1
2021-10-29 14:20,152,8.5
2021-10-29 14:35,171,8.1
2021-10-29 14:50,190,2.5
2021-10-29 15:05,168,8.3
2021-10-29 15:20,191,4.0
2021-10-29 15:35,212,5.4
2021-10-29 15:50,197,5.8
2021-10-29 16:05,188,4.9
2021-10-29 16:20,130,4.5
2021-10-29 16:35,218,6.5
2021-10-29 16:50,204,3.1
2021-10-29 17:05,192,5.1
2021-10-29 17:20,204,3.8
2021-10-29 17:35,191,5.4
2021-10-29 17:50,199,2.2
2021-10-29 18:05,199,2.7
2021-10-29 18:20,203,3.4
2021-10-29 18:35,232,3.4
2021-10-29 18:50,279,5.1
2021-10-29 19:05,336,5.8
2021-10-29 19:20,304,4.5
2021-10-29 19:35,297,5.1
2021-10-29 19:50,304,6.5
2021-10-29 20:05,288,10.1
2021-10-29 20:20,306,6.5
2021-10-29 20:35,310,5.8
2021-10-29 20:50,300,6.5
2021-10-29 21:05,298,7.6
2021-10-29 21:20,283,9.2
2021-10-29 21:35,281,7.8
2021-10-29 21:50,318,6.3
2021-10-29 22:05,328,4.2
2021-10-29 22:20,313,6.9
2021-10-29 22:35,294,8.9
2021-10-29 22:50,306,7.4
2021-10-29 23:05,306,4.5
2021-10-29 23:20,299,4.5
2021-10-29 23:35,328,5.4
2021-10-29 23:50,326,4.2
